-- Extend schema for authenticity fields + seed authoritative content

ALTER TABLE public.styles ADD COLUMN IF NOT EXISTS image_url text;
ALTER TABLE public.styles ADD COLUMN IF NOT EXISTS authority_name text;
ALTER TABLE public.styles ADD COLUMN IF NOT EXISTS authority_url text;
ALTER TABLE public.styles ADD COLUMN IF NOT EXISTS origin_region text;
ALTER TABLE public.styles ADD COLUMN IF NOT EXISTS founded_by text;
ALTER TABLE public.styles ADD COLUMN IF NOT EXISTS founded_year integer;
ALTER TABLE public.styles ADD COLUMN IF NOT EXISTS lineage_md text;
ALTER TABLE public.styles ADD COLUMN IF NOT EXISTS governing_notes_md text;
ALTER TABLE public.styles ADD COLUMN IF NOT EXISTS reference_sources jsonb DEFAULT '[]'::jsonb;
ALTER TABLE public.belts ADD COLUMN IF NOT EXISTS name_ja text;
ALTER TABLE public.belts ADD COLUMN IF NOT EXISTS rank_label text;
ALTER TABLE public.belts ADD COLUMN IF NOT EXISTS kyu_number integer;
ALTER TABLE public.belts ADD COLUMN IF NOT EXISTS dan_number integer;
ALTER TABLE public.belts ADD COLUMN IF NOT EXISTS image_url text;

-- Seed/Upsert Styles
INSERT INTO public.styles (id,name_he,name_en,name_ja,description,image_url,display_order,authority_name,authority_url,origin_region,founded_by,founded_year,lineage_md,governing_notes_md,reference_sources) VALUES ('d84f4e1c-2959-5921-8e19-d480b15c48d2'::uuid,'שוטוקאן (JKA)','Shotokan (JKA)','松濤館','מסלול שוטוקאן לפי קווים מנחים רשמיים של Japan Karate Association (JKA).','/styles/shotokan.svg',1,'Japan Karate Association (JKA)','https://www.jka.or.jp/en/','יפן (שורשים באוקינאווה)','Gichin Funakoshi',1936,'פונאקושי גיצ''ין (Funakoshi Gichin) → נקאיאמה מסאטושי (Nakayama Masatoshi) → JKA Honbu.','המסלול נשען על קווי-מנחה רשמיים של JKA לקיו/דאן ועל עקרונות אימון מסורתיים (בּוּדוֹ).','[{"title": "JKA – Technical Manual for the Instructor (PDF)", "url": "https://www.jka.or.jp/wp/wp-content/uploads/2017/04/tech_manual_instructor.pdf", "publisher": "Japan Karate Association", "notes": "הנחיות טכניות ועקרונות אימון"}, {"title": "DAN Ranking (guidelines)", "url": "https://www.jka.or.jp/en/about-jka/dan-ranking/", "publisher": "Japan Karate Association", "notes": "קווי-מנחה רשמיים לדאן (כולל שודאן)"}, {"title": "Glossary of Karate terminology", "url": "https://kugb.org/glossary-of-karate-terminology-used-by-the-kugb", "publisher": "KUGB"}]'::jsonb) ON CONFLICT (id) DO UPDATE SET name_he=EXCLUDED.name_he,name_en=EXCLUDED.name_en,name_ja=EXCLUDED.name_ja,description=EXCLUDED.description,image_url=EXCLUDED.image_url,display_order=EXCLUDED.display_order,authority_name=EXCLUDED.authority_name,authority_url=EXCLUDED.authority_url,origin_region=EXCLUDED.origin_region,founded_by=EXCLUDED.founded_by,founded_year=EXCLUDED.founded_year,lineage_md=EXCLUDED.lineage_md,governing_notes_md=EXCLUDED.governing_notes_md,reference_sources=EXCLUDED.reference_sources;
INSERT INTO public.styles (id,name_he,name_en,name_ja,description,image_url,display_order,authority_name,authority_url,origin_region,founded_by,founded_year,lineage_md,governing_notes_md,reference_sources) VALUES ('df952b87-a40e-5d0b-8aba-0b09d4d9c14f'::uuid,'קיוקושין (IKO)','Kyokushin (IKO)','極真','קיוקושין – זרם מגע-מלא/נוקדאון. כאן נציג מסלול בסיס עד שודאן לפי IKO Kyokushinkaikan (Honbu).','/styles/kyokushin.svg',2,'IKO Kyokushinkaikan','https://www.kyokushinkaikan.org/en/','יפן','Masutatsu Oyama',1964,'סוסאי מסוטאצו אויאמה (Oyama Masutatsu) – מייסד קיוקושין (1923–1994).','קיוקושין כולל אימון גופני ותפיסה של ''בניית אופי'' לצד מגע מלא ותחרויות נוקדאון.','[{"title": "International Karate Organization (IKO) – Organization", "url": "https://www-test.kyokushinkaikan.org/en/about/organization/", "publisher": "IKO Kyokushinkaikan", "notes": "עמוד ארגוני/פילוסופיה ומידע בסיסי"}, {"title": "Karate | Origin, Description, & History", "url": "https://www.britannica.com/sports/karate", "publisher": "Encyclopaedia Britannica"}]'::jsonb) ON CONFLICT (id) DO UPDATE SET name_he=EXCLUDED.name_he,name_en=EXCLUDED.name_en,name_ja=EXCLUDED.name_ja,description=EXCLUDED.description,image_url=EXCLUDED.image_url,display_order=EXCLUDED.display_order,authority_name=EXCLUDED.authority_name,authority_url=EXCLUDED.authority_url,origin_region=EXCLUDED.origin_region,founded_by=EXCLUDED.founded_by,founded_year=EXCLUDED.founded_year,lineage_md=EXCLUDED.lineage_md,governing_notes_md=EXCLUDED.governing_notes_md,reference_sources=EXCLUDED.reference_sources;
INSERT INTO public.styles (id,name_he,name_en,name_ja,description,image_url,display_order,authority_name,authority_url,origin_region,founded_by,founded_year,lineage_md,governing_notes_md,reference_sources) VALUES ('2c091fa0-58e5-55dc-86ef-fadf6aba2094'::uuid,'גוג''ו-ריו (IOGKF)','Goju-ryu (IOGKF)','剛柔流','גוג''ו-ריו אוקינאווי מסורתי עם דגש על Sanchin/Tensho ונשימה/יציבה. מסלול לפי IOGKF.','/styles/goju.svg',3,'International Okinawan Goju-Ryu Karatedo Federation (IOGKF)','https://iogkf.com/','אוקינאווה (יפן)','Chojun Miyagi',1930,'מיאגי צ''וג''ון (Miyagi Chojun) – מייסד גוג''ו-ריו → היגאונה מוריו (Higaonna Morio) → IOGKF.','הדגש הוא שימור מסורת אוקינאווה והעברת ידע ''בצורתו המקורית'' ככל האפשר.','[{"title": "IOGKF – About / History", "url": "https://iogkf.com/", "publisher": "International Okinawan Goju-Ryu Karatedo Federation"}, {"title": "The Birthplace of Karate", "url": "https://visitokinawajapan.com/discover/traditional-culture/birthplace-of-karate/", "publisher": "Visit Okinawa"}]'::jsonb) ON CONFLICT (id) DO UPDATE SET name_he=EXCLUDED.name_he,name_en=EXCLUDED.name_en,name_ja=EXCLUDED.name_ja,description=EXCLUDED.description,image_url=EXCLUDED.image_url,display_order=EXCLUDED.display_order,authority_name=EXCLUDED.authority_name,authority_url=EXCLUDED.authority_url,origin_region=EXCLUDED.origin_region,founded_by=EXCLUDED.founded_by,founded_year=EXCLUDED.founded_year,lineage_md=EXCLUDED.lineage_md,governing_notes_md=EXCLUDED.governing_notes_md,reference_sources=EXCLUDED.reference_sources;
INSERT INTO public.styles (id,name_he,name_en,name_ja,description,image_url,display_order,authority_name,authority_url,origin_region,founded_by,founded_year,lineage_md,governing_notes_md,reference_sources) VALUES ('08cf62c4-70ed-5a1c-9c03-365baf9f2bd7'::uuid,'ואדו-ריו','Wado-ryu','和道流','ואדו-ריו – שילוב קראטה עם עקרונות ג''וג''וטסו, תנועה והתחמקות (taisabaki).','/styles/wado.svg',4,'Wado-Ryu Renmei','https://www.wadorenmei.com/','יפן','Hironori Otsuka',1939,'אוטסוקה הירונורי (Otsuka Hironori) – מייסד ואדו-ריו.','ואדו-ריו שם דגש על תזמון, זווית, הסטה, וכמעט תמיד פחות ''התנגשות'' חזיתית.','[{"title": "Karate | Origin, Description, & History", "url": "https://www.britannica.com/sports/karate", "publisher": "Encyclopaedia Britannica"}]'::jsonb) ON CONFLICT (id) DO UPDATE SET name_he=EXCLUDED.name_he,name_en=EXCLUDED.name_en,name_ja=EXCLUDED.name_ja,description=EXCLUDED.description,image_url=EXCLUDED.image_url,display_order=EXCLUDED.display_order,authority_name=EXCLUDED.authority_name,authority_url=EXCLUDED.authority_url,origin_region=EXCLUDED.origin_region,founded_by=EXCLUDED.founded_by,founded_year=EXCLUDED.founded_year,lineage_md=EXCLUDED.lineage_md,governing_notes_md=EXCLUDED.governing_notes_md,reference_sources=EXCLUDED.reference_sources;
INSERT INTO public.styles (id,name_he,name_en,name_ja,description,image_url,display_order,authority_name,authority_url,origin_region,founded_by,founded_year,lineage_md,governing_notes_md,reference_sources) VALUES ('73213ee7-4efb-5d6f-baa3-477b9e02c883'::uuid,'שינדוקאן (מסגרת)','Shindokan (club framework)','新道館','שינדוקאן מופיע לעיתים כמותג בית-ספר/מועדון שמלמד לרוב שוטוקאן. כאן זה ''מעטפת'' על בסיס שוטוקאן (JKA).','/styles/shindokan.svg',5,'Framework (typically Shotokan)',NULL,'—',NULL,NULL,'בפועל תלוי דאוג''ו. באתר נצמד לבסיס שוטוקאן לפי JKA, עם אפשרות התאמות.','אם תרצה—נוכל להוסיף ''תכנית שינדוקאן'' ספציפית לפי סילבוס רשמי של הארגון/המועדון שתספק.','[{"title": "Glossary of Karate terminology", "url": "https://kugb.org/glossary-of-karate-terminology-used-by-the-kugb", "publisher": "KUGB"}]'::jsonb) ON CONFLICT (id) DO UPDATE SET name_he=EXCLUDED.name_he,name_en=EXCLUDED.name_en,name_ja=EXCLUDED.name_ja,description=EXCLUDED.description,image_url=EXCLUDED.image_url,display_order=EXCLUDED.display_order,authority_name=EXCLUDED.authority_name,authority_url=EXCLUDED.authority_url,origin_region=EXCLUDED.origin_region,founded_by=EXCLUDED.founded_by,founded_year=EXCLUDED.founded_year,lineage_md=EXCLUDED.lineage_md,governing_notes_md=EXCLUDED.governing_notes_md,reference_sources=EXCLUDED.reference_sources;

-- Seed/Upsert Belts
INSERT INTO public.belts (id,style_id,name_he,name_en,color_hex,display_order,name_ja,rank_label,kyu_number,dan_number,image_url) VALUES ('64d766b5-1214-5e2d-9a30-b607d14a26e9'::uuid,'d84f4e1c-2959-5921-8e19-d480b15c48d2'::uuid,'לבן','White','#F8FAFC',1,'白帯','10級',10,NULL,'/belts/10kyu.svg') ON CONFLICT (id) DO UPDATE SET style_id=EXCLUDED.style_id,name_he=EXCLUDED.name_he,name_en=EXCLUDED.name_en,color_hex=EXCLUDED.color_hex,display_order=EXCLUDED.display_order,name_ja=EXCLUDED.name_ja,rank_label=EXCLUDED.rank_label,kyu_number=EXCLUDED.kyu_number,dan_number=EXCLUDED.dan_number,image_url=EXCLUDED.image_url;
INSERT INTO public.belts (id,style_id,name_he,name_en,color_hex,display_order,name_ja,rank_label,kyu_number,dan_number,image_url) VALUES ('33324d4a-43aa-5a00-a24b-04c9ed6a5c58'::uuid,'d84f4e1c-2959-5921-8e19-d480b15c48d2'::uuid,'צהוב','Yellow','#FDE047',2,'黄帯','9級',9,NULL,'/belts/9kyu.svg') ON CONFLICT (id) DO UPDATE SET style_id=EXCLUDED.style_id,name_he=EXCLUDED.name_he,name_en=EXCLUDED.name_en,color_hex=EXCLUDED.color_hex,display_order=EXCLUDED.display_order,name_ja=EXCLUDED.name_ja,rank_label=EXCLUDED.rank_label,kyu_number=EXCLUDED.kyu_number,dan_number=EXCLUDED.dan_number,image_url=EXCLUDED.image_url;
INSERT INTO public.belts (id,style_id,name_he,name_en,color_hex,display_order,name_ja,rank_label,kyu_number,dan_number,image_url) VALUES ('163392dc-64fa-53b8-bdb1-710f1fa8df95'::uuid,'d84f4e1c-2959-5921-8e19-d480b15c48d2'::uuid,'כתום','Orange','#FB923C',3,'橙帯','8級',8,NULL,'/belts/8kyu.svg') ON CONFLICT (id) DO UPDATE SET style_id=EXCLUDED.style_id,name_he=EXCLUDED.name_he,name_en=EXCLUDED.name_en,color_hex=EXCLUDED.color_hex,display_order=EXCLUDED.display_order,name_ja=EXCLUDED.name_ja,rank_label=EXCLUDED.rank_label,kyu_number=EXCLUDED.kyu_number,dan_number=EXCLUDED.dan_number,image_url=EXCLUDED.image_url;
INSERT INTO public.belts (id,style_id,name_he,name_en,color_hex,display_order,name_ja,rank_label,kyu_number,dan_number,image_url) VALUES ('3214cfe1-14b6-5720-b119-f8435fe04579'::uuid,'d84f4e1c-2959-5921-8e19-d480b15c48d2'::uuid,'ירוק','Green','#4ADE80',4,'緑帯','7級',7,NULL,'/belts/7kyu.svg') ON CONFLICT (id) DO UPDATE SET style_id=EXCLUDED.style_id,name_he=EXCLUDED.name_he,name_en=EXCLUDED.name_en,color_hex=EXCLUDED.color_hex,display_order=EXCLUDED.display_order,name_ja=EXCLUDED.name_ja,rank_label=EXCLUDED.rank_label,kyu_number=EXCLUDED.kyu_number,dan_number=EXCLUDED.dan_number,image_url=EXCLUDED.image_url;
INSERT INTO public.belts (id,style_id,name_he,name_en,color_hex,display_order,name_ja,rank_label,kyu_number,dan_number,image_url) VALUES ('c8d85a92-697c-5a9b-b3dc-14182de5b973'::uuid,'d84f4e1c-2959-5921-8e19-d480b15c48d2'::uuid,'כחול','Blue','#60A5FA',5,'青帯','6級',6,NULL,'/belts/6kyu.svg') ON CONFLICT (id) DO UPDATE SET style_id=EXCLUDED.style_id,name_he=EXCLUDED.name_he,name_en=EXCLUDED.name_en,color_hex=EXCLUDED.color_hex,display_order=EXCLUDED.display_order,name_ja=EXCLUDED.name_ja,rank_label=EXCLUDED.rank_label,kyu_number=EXCLUDED.kyu_number,dan_number=EXCLUDED.dan_number,image_url=EXCLUDED.image_url;
INSERT INTO public.belts (id,style_id,name_he,name_en,color_hex,display_order,name_ja,rank_label,kyu_number,dan_number,image_url) VALUES ('c891797b-5d99-5d83-9af0-e0317ae60dea'::uuid,'d84f4e1c-2959-5921-8e19-d480b15c48d2'::uuid,'סגול','Purple','#A78BFA',6,'紫帯','5級',5,NULL,'/belts/5kyu.svg') ON CONFLICT (id) DO UPDATE SET style_id=EXCLUDED.style_id,name_he=EXCLUDED.name_he,name_en=EXCLUDED.name_en,color_hex=EXCLUDED.color_hex,display_order=EXCLUDED.display_order,name_ja=EXCLUDED.name_ja,rank_label=EXCLUDED.rank_label,kyu_number=EXCLUDED.kyu_number,dan_number=EXCLUDED.dan_number,image_url=EXCLUDED.image_url;
INSERT INTO public.belts (id,style_id,name_he,name_en,color_hex,display_order,name_ja,rank_label,kyu_number,dan_number,image_url) VALUES ('e0ce8381-5bc5-5f80-a183-92528abdfab3'::uuid,'d84f4e1c-2959-5921-8e19-d480b15c48d2'::uuid,'חום (4級)','Brown (4th kyu)','#A16207',7,'茶帯','4級',4,NULL,'/belts/4kyu.svg') ON CONFLICT (id) DO UPDATE SET style_id=EXCLUDED.style_id,name_he=EXCLUDED.name_he,name_en=EXCLUDED.name_en,color_hex=EXCLUDED.color_hex,display_order=EXCLUDED.display_order,name_ja=EXCLUDED.name_ja,rank_label=EXCLUDED.rank_label,kyu_number=EXCLUDED.kyu_number,dan_number=EXCLUDED.dan_number,image_url=EXCLUDED.image_url;
INSERT INTO public.belts (id,style_id,name_he,name_en,color_hex,display_order,name_ja,rank_label,kyu_number,dan_number,image_url) VALUES ('f4503d24-1fda-5ea9-8195-d11d8f17e0c4'::uuid,'d84f4e1c-2959-5921-8e19-d480b15c48d2'::uuid,'חום (3級)','Brown (3rd kyu)','#8B5E34',8,'茶帯','3級',3,NULL,'/belts/3kyu.svg') ON CONFLICT (id) DO UPDATE SET style_id=EXCLUDED.style_id,name_he=EXCLUDED.name_he,name_en=EXCLUDED.name_en,color_hex=EXCLUDED.color_hex,display_order=EXCLUDED.display_order,name_ja=EXCLUDED.name_ja,rank_label=EXCLUDED.rank_label,kyu_number=EXCLUDED.kyu_number,dan_number=EXCLUDED.dan_number,image_url=EXCLUDED.image_url;
INSERT INTO public.belts (id,style_id,name_he,name_en,color_hex,display_order,name_ja,rank_label,kyu_number,dan_number,image_url) VALUES ('3a028c70-c213-51bc-bb88-c60a68eb22b4'::uuid,'d84f4e1c-2959-5921-8e19-d480b15c48d2'::uuid,'חום (2級)','Brown (2nd kyu)','#7C4A1E',9,'茶帯','2級',2,NULL,'/belts/2kyu.svg') ON CONFLICT (id) DO UPDATE SET style_id=EXCLUDED.style_id,name_he=EXCLUDED.name_he,name_en=EXCLUDED.name_en,color_hex=EXCLUDED.color_hex,display_order=EXCLUDED.display_order,name_ja=EXCLUDED.name_ja,rank_label=EXCLUDED.rank_label,kyu_number=EXCLUDED.kyu_number,dan_number=EXCLUDED.dan_number,image_url=EXCLUDED.image_url;
INSERT INTO public.belts (id,style_id,name_he,name_en,color_hex,display_order,name_ja,rank_label,kyu_number,dan_number,image_url) VALUES ('89e71fda-6625-51d6-87c0-9778fcde51b7'::uuid,'d84f4e1c-2959-5921-8e19-d480b15c48d2'::uuid,'חום (1級)','Brown (1st kyu)','#6B3F1E',10,'茶帯','1級',1,NULL,'/belts/1kyu.svg') ON CONFLICT (id) DO UPDATE SET style_id=EXCLUDED.style_id,name_he=EXCLUDED.name_he,name_en=EXCLUDED.name_en,color_hex=EXCLUDED.color_hex,display_order=EXCLUDED.display_order,name_ja=EXCLUDED.name_ja,rank_label=EXCLUDED.rank_label,kyu_number=EXCLUDED.kyu_number,dan_number=EXCLUDED.dan_number,image_url=EXCLUDED.image_url;
INSERT INTO public.belts (id,style_id,name_he,name_en,color_hex,display_order,name_ja,rank_label,kyu_number,dan_number,image_url) VALUES ('953921d7-e1d5-502c-afac-3467c749fc6e'::uuid,'d84f4e1c-2959-5921-8e19-d480b15c48d2'::uuid,'שחור (שודאן)','Black (Shodan)','#111827',11,'黒帯','初段',NULL,1,'/belts/shodan.svg') ON CONFLICT (id) DO UPDATE SET style_id=EXCLUDED.style_id,name_he=EXCLUDED.name_he,name_en=EXCLUDED.name_en,color_hex=EXCLUDED.color_hex,display_order=EXCLUDED.display_order,name_ja=EXCLUDED.name_ja,rank_label=EXCLUDED.rank_label,kyu_number=EXCLUDED.kyu_number,dan_number=EXCLUDED.dan_number,image_url=EXCLUDED.image_url;
INSERT INTO public.belts (id,style_id,name_he,name_en,color_hex,display_order,name_ja,rank_label,kyu_number,dan_number,image_url) VALUES ('1c033249-acb9-575d-a837-1d2f364ce032'::uuid,'df952b87-a40e-5d0b-8aba-0b09d4d9c14f'::uuid,'לבן','White','#F8FAFC',1,'白帯','10級',10,NULL,'/belts/10kyu.svg') ON CONFLICT (id) DO UPDATE SET style_id=EXCLUDED.style_id,name_he=EXCLUDED.name_he,name_en=EXCLUDED.name_en,color_hex=EXCLUDED.color_hex,display_order=EXCLUDED.display_order,name_ja=EXCLUDED.name_ja,rank_label=EXCLUDED.rank_label,kyu_number=EXCLUDED.kyu_number,dan_number=EXCLUDED.dan_number,image_url=EXCLUDED.image_url;
INSERT INTO public.belts (id,style_id,name_he,name_en,color_hex,display_order,name_ja,rank_label,kyu_number,dan_number,image_url) VALUES ('4789a245-e0b2-5430-be39-33ec1ef64069'::uuid,'df952b87-a40e-5d0b-8aba-0b09d4d9c14f'::uuid,'צהוב','Yellow','#FDE047',2,'黄帯','9級',9,NULL,'/belts/9kyu.svg') ON CONFLICT (id) DO UPDATE SET style_id=EXCLUDED.style_id,name_he=EXCLUDED.name_he,name_en=EXCLUDED.name_en,color_hex=EXCLUDED.color_hex,display_order=EXCLUDED.display_order,name_ja=EXCLUDED.name_ja,rank_label=EXCLUDED.rank_label,kyu_number=EXCLUDED.kyu_number,dan_number=EXCLUDED.dan_number,image_url=EXCLUDED.image_url;
INSERT INTO public.belts (id,style_id,name_he,name_en,color_hex,display_order,name_ja,rank_label,kyu_number,dan_number,image_url) VALUES ('05efe104-85cd-5fa6-9146-67c788470293'::uuid,'df952b87-a40e-5d0b-8aba-0b09d4d9c14f'::uuid,'כתום','Orange','#FB923C',3,'橙帯','8級',8,NULL,'/belts/8kyu.svg') ON CONFLICT (id) DO UPDATE SET style_id=EXCLUDED.style_id,name_he=EXCLUDED.name_he,name_en=EXCLUDED.name_en,color_hex=EXCLUDED.color_hex,display_order=EXCLUDED.display_order,name_ja=EXCLUDED.name_ja,rank_label=EXCLUDED.rank_label,kyu_number=EXCLUDED.kyu_number,dan_number=EXCLUDED.dan_number,image_url=EXCLUDED.image_url;
INSERT INTO public.belts (id,style_id,name_he,name_en,color_hex,display_order,name_ja,rank_label,kyu_number,dan_number,image_url) VALUES ('baa23b14-295d-5b3d-9877-31e2b5da7d6e'::uuid,'df952b87-a40e-5d0b-8aba-0b09d4d9c14f'::uuid,'ירוק','Green','#4ADE80',4,'緑帯','7級',7,NULL,'/belts/7kyu.svg') ON CONFLICT (id) DO UPDATE SET style_id=EXCLUDED.style_id,name_he=EXCLUDED.name_he,name_en=EXCLUDED.name_en,color_hex=EXCLUDED.color_hex,display_order=EXCLUDED.display_order,name_ja=EXCLUDED.name_ja,rank_label=EXCLUDED.rank_label,kyu_number=EXCLUDED.kyu_number,dan_number=EXCLUDED.dan_number,image_url=EXCLUDED.image_url;
INSERT INTO public.belts (id,style_id,name_he,name_en,color_hex,display_order,name_ja,rank_label,kyu_number,dan_number,image_url) VALUES ('105fe693-f7ac-5aae-bb39-4f8f7001a908'::uuid,'df952b87-a40e-5d0b-8aba-0b09d4d9c14f'::uuid,'כחול','Blue','#60A5FA',5,'青帯','6級',6,NULL,'/belts/6kyu.svg') ON CONFLICT (id) DO UPDATE SET style_id=EXCLUDED.style_id,name_he=EXCLUDED.name_he,name_en=EXCLUDED.name_en,color_hex=EXCLUDED.color_hex,display_order=EXCLUDED.display_order,name_ja=EXCLUDED.name_ja,rank_label=EXCLUDED.rank_label,kyu_number=EXCLUDED.kyu_number,dan_number=EXCLUDED.dan_number,image_url=EXCLUDED.image_url;
INSERT INTO public.belts (id,style_id,name_he,name_en,color_hex,display_order,name_ja,rank_label,kyu_number,dan_number,image_url) VALUES ('4a8b5f2c-36fa-5e99-8ea1-809fc22e60db'::uuid,'df952b87-a40e-5d0b-8aba-0b09d4d9c14f'::uuid,'סגול','Purple','#A78BFA',6,'紫帯','5級',5,NULL,'/belts/5kyu.svg') ON CONFLICT (id) DO UPDATE SET style_id=EXCLUDED.style_id,name_he=EXCLUDED.name_he,name_en=EXCLUDED.name_en,color_hex=EXCLUDED.color_hex,display_order=EXCLUDED.display_order,name_ja=EXCLUDED.name_ja,rank_label=EXCLUDED.rank_label,kyu_number=EXCLUDED.kyu_number,dan_number=EXCLUDED.dan_number,image_url=EXCLUDED.image_url;
INSERT INTO public.belts (id,style_id,name_he,name_en,color_hex,display_order,name_ja,rank_label,kyu_number,dan_number,image_url) VALUES ('10842530-0615-5e67-a05a-1f88f2eb465a'::uuid,'df952b87-a40e-5d0b-8aba-0b09d4d9c14f'::uuid,'חום (4級)','Brown (4th kyu)','#A16207',7,'茶帯','4級',4,NULL,'/belts/4kyu.svg') ON CONFLICT (id) DO UPDATE SET style_id=EXCLUDED.style_id,name_he=EXCLUDED.name_he,name_en=EXCLUDED.name_en,color_hex=EXCLUDED.color_hex,display_order=EXCLUDED.display_order,name_ja=EXCLUDED.name_ja,rank_label=EXCLUDED.rank_label,kyu_number=EXCLUDED.kyu_number,dan_number=EXCLUDED.dan_number,image_url=EXCLUDED.image_url;
INSERT INTO public.belts (id,style_id,name_he,name_en,color_hex,display_order,name_ja,rank_label,kyu_number,dan_number,image_url) VALUES ('208199a3-005e-51df-be64-bd2bcf865c4e'::uuid,'df952b87-a40e-5d0b-8aba-0b09d4d9c14f'::uuid,'חום (3級)','Brown (3rd kyu)','#8B5E34',8,'茶帯','3級',3,NULL,'/belts/3kyu.svg') ON CONFLICT (id) DO UPDATE SET style_id=EXCLUDED.style_id,name_he=EXCLUDED.name_he,name_en=EXCLUDED.name_en,color_hex=EXCLUDED.color_hex,display_order=EXCLUDED.display_order,name_ja=EXCLUDED.name_ja,rank_label=EXCLUDED.rank_label,kyu_number=EXCLUDED.kyu_number,dan_number=EXCLUDED.dan_number,image_url=EXCLUDED.image_url;
INSERT INTO public.belts (id,style_id,name_he,name_en,color_hex,display_order,name_ja,rank_label,kyu_number,dan_number,image_url) VALUES ('a3281f5b-274d-5826-9d43-04ac67744e87'::uuid,'df952b87-a40e-5d0b-8aba-0b09d4d9c14f'::uuid,'חום (2級)','Brown (2nd kyu)','#7C4A1E',9,'茶帯','2級',2,NULL,'/belts/2kyu.svg') ON CONFLICT (id) DO UPDATE SET style_id=EXCLUDED.style_id,name_he=EXCLUDED.name_he,name_en=EXCLUDED.name_en,color_hex=EXCLUDED.color_hex,display_order=EXCLUDED.display_order,name_ja=EXCLUDED.name_ja,rank_label=EXCLUDED.rank_label,kyu_number=EXCLUDED.kyu_number,dan_number=EXCLUDED.dan_number,image_url=EXCLUDED.image_url;
INSERT INTO public.belts (id,style_id,name_he,name_en,color_hex,display_order,name_ja,rank_label,kyu_number,dan_number,image_url) VALUES ('052d1de4-d9ae-563d-9a63-df6b77b38afb'::uuid,'df952b87-a40e-5d0b-8aba-0b09d4d9c14f'::uuid,'חום (1級)','Brown (1st kyu)','#6B3F1E',10,'茶帯','1級',1,NULL,'/belts/1kyu.svg') ON CONFLICT (id) DO UPDATE SET style_id=EXCLUDED.style_id,name_he=EXCLUDED.name_he,name_en=EXCLUDED.name_en,color_hex=EXCLUDED.color_hex,display_order=EXCLUDED.display_order,name_ja=EXCLUDED.name_ja,rank_label=EXCLUDED.rank_label,kyu_number=EXCLUDED.kyu_number,dan_number=EXCLUDED.dan_number,image_url=EXCLUDED.image_url;
INSERT INTO public.belts (id,style_id,name_he,name_en,color_hex,display_order,name_ja,rank_label,kyu_number,dan_number,image_url) VALUES ('0676ba59-4274-53d2-ba45-378b70a1bbd3'::uuid,'df952b87-a40e-5d0b-8aba-0b09d4d9c14f'::uuid,'שחור (שודאן)','Black (Shodan)','#111827',11,'黒帯','初段',NULL,1,'/belts/shodan.svg') ON CONFLICT (id) DO UPDATE SET style_id=EXCLUDED.style_id,name_he=EXCLUDED.name_he,name_en=EXCLUDED.name_en,color_hex=EXCLUDED.color_hex,display_order=EXCLUDED.display_order,name_ja=EXCLUDED.name_ja,rank_label=EXCLUDED.rank_label,kyu_number=EXCLUDED.kyu_number,dan_number=EXCLUDED.dan_number,image_url=EXCLUDED.image_url;
INSERT INTO public.belts (id,style_id,name_he,name_en,color_hex,display_order,name_ja,rank_label,kyu_number,dan_number,image_url) VALUES ('9508d155-8d25-55d4-b8de-983acbb1872b'::uuid,'2c091fa0-58e5-55dc-86ef-fadf6aba2094'::uuid,'לבן','White','#F8FAFC',1,'白帯','10級',10,NULL,'/belts/10kyu.svg') ON CONFLICT (id) DO UPDATE SET style_id=EXCLUDED.style_id,name_he=EXCLUDED.name_he,name_en=EXCLUDED.name_en,color_hex=EXCLUDED.color_hex,display_order=EXCLUDED.display_order,name_ja=EXCLUDED.name_ja,rank_label=EXCLUDED.rank_label,kyu_number=EXCLUDED.kyu_number,dan_number=EXCLUDED.dan_number,image_url=EXCLUDED.image_url;
INSERT INTO public.belts (id,style_id,name_he,name_en,color_hex,display_order,name_ja,rank_label,kyu_number,dan_number,image_url) VALUES ('2bd76ddc-756c-5671-ac82-ba0e0acf8973'::uuid,'2c091fa0-58e5-55dc-86ef-fadf6aba2094'::uuid,'צהוב','Yellow','#FDE047',2,'黄帯','9級',9,NULL,'/belts/9kyu.svg') ON CONFLICT (id) DO UPDATE SET style_id=EXCLUDED.style_id,name_he=EXCLUDED.name_he,name_en=EXCLUDED.name_en,color_hex=EXCLUDED.color_hex,display_order=EXCLUDED.display_order,name_ja=EXCLUDED.name_ja,rank_label=EXCLUDED.rank_label,kyu_number=EXCLUDED.kyu_number,dan_number=EXCLUDED.dan_number,image_url=EXCLUDED.image_url;
INSERT INTO public.belts (id,style_id,name_he,name_en,color_hex,display_order,name_ja,rank_label,kyu_number,dan_number,image_url) VALUES ('83a254fd-d608-5b95-8fb5-861c783e8111'::uuid,'2c091fa0-58e5-55dc-86ef-fadf6aba2094'::uuid,'כתום','Orange','#FB923C',3,'橙帯','8級',8,NULL,'/belts/8kyu.svg') ON CONFLICT (id) DO UPDATE SET style_id=EXCLUDED.style_id,name_he=EXCLUDED.name_he,name_en=EXCLUDED.name_en,color_hex=EXCLUDED.color_hex,display_order=EXCLUDED.display_order,name_ja=EXCLUDED.name_ja,rank_label=EXCLUDED.rank_label,kyu_number=EXCLUDED.kyu_number,dan_number=EXCLUDED.dan_number,image_url=EXCLUDED.image_url;
INSERT INTO public.belts (id,style_id,name_he,name_en,color_hex,display_order,name_ja,rank_label,kyu_number,dan_number,image_url) VALUES ('5f2f59ce-765f-5bcc-b193-e6520e4fa4d5'::uuid,'2c091fa0-58e5-55dc-86ef-fadf6aba2094'::uuid,'ירוק','Green','#4ADE80',4,'緑帯','7級',7,NULL,'/belts/7kyu.svg') ON CONFLICT (id) DO UPDATE SET style_id=EXCLUDED.style_id,name_he=EXCLUDED.name_he,name_en=EXCLUDED.name_en,color_hex=EXCLUDED.color_hex,display_order=EXCLUDED.display_order,name_ja=EXCLUDED.name_ja,rank_label=EXCLUDED.rank_label,kyu_number=EXCLUDED.kyu_number,dan_number=EXCLUDED.dan_number,image_url=EXCLUDED.image_url;
INSERT INTO public.belts (id,style_id,name_he,name_en,color_hex,display_order,name_ja,rank_label,kyu_number,dan_number,image_url) VALUES ('ccb10de8-ad49-5360-93bd-2cf1f51bfbc6'::uuid,'2c091fa0-58e5-55dc-86ef-fadf6aba2094'::uuid,'כחול','Blue','#60A5FA',5,'青帯','6級',6,NULL,'/belts/6kyu.svg') ON CONFLICT (id) DO UPDATE SET style_id=EXCLUDED.style_id,name_he=EXCLUDED.name_he,name_en=EXCLUDED.name_en,color_hex=EXCLUDED.color_hex,display_order=EXCLUDED.display_order,name_ja=EXCLUDED.name_ja,rank_label=EXCLUDED.rank_label,kyu_number=EXCLUDED.kyu_number,dan_number=EXCLUDED.dan_number,image_url=EXCLUDED.image_url;
INSERT INTO public.belts (id,style_id,name_he,name_en,color_hex,display_order,name_ja,rank_label,kyu_number,dan_number,image_url) VALUES ('da685b46-e01d-583e-8972-a867f12e40b2'::uuid,'2c091fa0-58e5-55dc-86ef-fadf6aba2094'::uuid,'סגול','Purple','#A78BFA',6,'紫帯','5級',5,NULL,'/belts/5kyu.svg') ON CONFLICT (id) DO UPDATE SET style_id=EXCLUDED.style_id,name_he=EXCLUDED.name_he,name_en=EXCLUDED.name_en,color_hex=EXCLUDED.color_hex,display_order=EXCLUDED.display_order,name_ja=EXCLUDED.name_ja,rank_label=EXCLUDED.rank_label,kyu_number=EXCLUDED.kyu_number,dan_number=EXCLUDED.dan_number,image_url=EXCLUDED.image_url;
INSERT INTO public.belts (id,style_id,name_he,name_en,color_hex,display_order,name_ja,rank_label,kyu_number,dan_number,image_url) VALUES ('68071594-677d-59ea-9074-7089a3980b0a'::uuid,'2c091fa0-58e5-55dc-86ef-fadf6aba2094'::uuid,'חום (4級)','Brown (4th kyu)','#A16207',7,'茶帯','4級',4,NULL,'/belts/4kyu.svg') ON CONFLICT (id) DO UPDATE SET style_id=EXCLUDED.style_id,name_he=EXCLUDED.name_he,name_en=EXCLUDED.name_en,color_hex=EXCLUDED.color_hex,display_order=EXCLUDED.display_order,name_ja=EXCLUDED.name_ja,rank_label=EXCLUDED.rank_label,kyu_number=EXCLUDED.kyu_number,dan_number=EXCLUDED.dan_number,image_url=EXCLUDED.image_url;
INSERT INTO public.belts (id,style_id,name_he,name_en,color_hex,display_order,name_ja,rank_label,kyu_number,dan_number,image_url) VALUES ('d6e8b612-241b-56d4-92f7-ba866c6ad7eb'::uuid,'2c091fa0-58e5-55dc-86ef-fadf6aba2094'::uuid,'חום (3級)','Brown (3rd kyu)','#8B5E34',8,'茶帯','3級',3,NULL,'/belts/3kyu.svg') ON CONFLICT (id) DO UPDATE SET style_id=EXCLUDED.style_id,name_he=EXCLUDED.name_he,name_en=EXCLUDED.name_en,color_hex=EXCLUDED.color_hex,display_order=EXCLUDED.display_order,name_ja=EXCLUDED.name_ja,rank_label=EXCLUDED.rank_label,kyu_number=EXCLUDED.kyu_number,dan_number=EXCLUDED.dan_number,image_url=EXCLUDED.image_url;
INSERT INTO public.belts (id,style_id,name_he,name_en,color_hex,display_order,name_ja,rank_label,kyu_number,dan_number,image_url) VALUES ('7eedf982-b992-5a89-8197-1e50d001ebab'::uuid,'2c091fa0-58e5-55dc-86ef-fadf6aba2094'::uuid,'חום (2級)','Brown (2nd kyu)','#7C4A1E',9,'茶帯','2級',2,NULL,'/belts/2kyu.svg') ON CONFLICT (id) DO UPDATE SET style_id=EXCLUDED.style_id,name_he=EXCLUDED.name_he,name_en=EXCLUDED.name_en,color_hex=EXCLUDED.color_hex,display_order=EXCLUDED.display_order,name_ja=EXCLUDED.name_ja,rank_label=EXCLUDED.rank_label,kyu_number=EXCLUDED.kyu_number,dan_number=EXCLUDED.dan_number,image_url=EXCLUDED.image_url;
INSERT INTO public.belts (id,style_id,name_he,name_en,color_hex,display_order,name_ja,rank_label,kyu_number,dan_number,image_url) VALUES ('8361ae44-f739-52a5-b393-f6bfb748610b'::uuid,'2c091fa0-58e5-55dc-86ef-fadf6aba2094'::uuid,'חום (1級)','Brown (1st kyu)','#6B3F1E',10,'茶帯','1級',1,NULL,'/belts/1kyu.svg') ON CONFLICT (id) DO UPDATE SET style_id=EXCLUDED.style_id,name_he=EXCLUDED.name_he,name_en=EXCLUDED.name_en,color_hex=EXCLUDED.color_hex,display_order=EXCLUDED.display_order,name_ja=EXCLUDED.name_ja,rank_label=EXCLUDED.rank_label,kyu_number=EXCLUDED.kyu_number,dan_number=EXCLUDED.dan_number,image_url=EXCLUDED.image_url;
INSERT INTO public.belts (id,style_id,name_he,name_en,color_hex,display_order,name_ja,rank_label,kyu_number,dan_number,image_url) VALUES ('3fee74f2-256f-5bea-999f-ee99942b5084'::uuid,'2c091fa0-58e5-55dc-86ef-fadf6aba2094'::uuid,'שחור (שודאן)','Black (Shodan)','#111827',11,'黒帯','初段',NULL,1,'/belts/shodan.svg') ON CONFLICT (id) DO UPDATE SET style_id=EXCLUDED.style_id,name_he=EXCLUDED.name_he,name_en=EXCLUDED.name_en,color_hex=EXCLUDED.color_hex,display_order=EXCLUDED.display_order,name_ja=EXCLUDED.name_ja,rank_label=EXCLUDED.rank_label,kyu_number=EXCLUDED.kyu_number,dan_number=EXCLUDED.dan_number,image_url=EXCLUDED.image_url;
INSERT INTO public.belts (id,style_id,name_he,name_en,color_hex,display_order,name_ja,rank_label,kyu_number,dan_number,image_url) VALUES ('4cb6a526-f1ad-580e-9942-cd292c5e9d5c'::uuid,'08cf62c4-70ed-5a1c-9c03-365baf9f2bd7'::uuid,'לבן','White','#F8FAFC',1,'白帯','10級',10,NULL,'/belts/10kyu.svg') ON CONFLICT (id) DO UPDATE SET style_id=EXCLUDED.style_id,name_he=EXCLUDED.name_he,name_en=EXCLUDED.name_en,color_hex=EXCLUDED.color_hex,display_order=EXCLUDED.display_order,name_ja=EXCLUDED.name_ja,rank_label=EXCLUDED.rank_label,kyu_number=EXCLUDED.kyu_number,dan_number=EXCLUDED.dan_number,image_url=EXCLUDED.image_url;
INSERT INTO public.belts (id,style_id,name_he,name_en,color_hex,display_order,name_ja,rank_label,kyu_number,dan_number,image_url) VALUES ('61b3b281-df71-5318-bcba-7df561462d49'::uuid,'08cf62c4-70ed-5a1c-9c03-365baf9f2bd7'::uuid,'צהוב','Yellow','#FDE047',2,'黄帯','9級',9,NULL,'/belts/9kyu.svg') ON CONFLICT (id) DO UPDATE SET style_id=EXCLUDED.style_id,name_he=EXCLUDED.name_he,name_en=EXCLUDED.name_en,color_hex=EXCLUDED.color_hex,display_order=EXCLUDED.display_order,name_ja=EXCLUDED.name_ja,rank_label=EXCLUDED.rank_label,kyu_number=EXCLUDED.kyu_number,dan_number=EXCLUDED.dan_number,image_url=EXCLUDED.image_url;
INSERT INTO public.belts (id,style_id,name_he,name_en,color_hex,display_order,name_ja,rank_label,kyu_number,dan_number,image_url) VALUES ('6da42291-9ccb-55ec-ab6c-3a555b2cb278'::uuid,'08cf62c4-70ed-5a1c-9c03-365baf9f2bd7'::uuid,'כתום','Orange','#FB923C',3,'橙帯','8級',8,NULL,'/belts/8kyu.svg') ON CONFLICT (id) DO UPDATE SET style_id=EXCLUDED.style_id,name_he=EXCLUDED.name_he,name_en=EXCLUDED.name_en,color_hex=EXCLUDED.color_hex,display_order=EXCLUDED.display_order,name_ja=EXCLUDED.name_ja,rank_label=EXCLUDED.rank_label,kyu_number=EXCLUDED.kyu_number,dan_number=EXCLUDED.dan_number,image_url=EXCLUDED.image_url;
INSERT INTO public.belts (id,style_id,name_he,name_en,color_hex,display_order,name_ja,rank_label,kyu_number,dan_number,image_url) VALUES ('57e705a2-4322-5b45-8f44-07d5fc116b95'::uuid,'08cf62c4-70ed-5a1c-9c03-365baf9f2bd7'::uuid,'ירוק','Green','#4ADE80',4,'緑帯','7級',7,NULL,'/belts/7kyu.svg') ON CONFLICT (id) DO UPDATE SET style_id=EXCLUDED.style_id,name_he=EXCLUDED.name_he,name_en=EXCLUDED.name_en,color_hex=EXCLUDED.color_hex,display_order=EXCLUDED.display_order,name_ja=EXCLUDED.name_ja,rank_label=EXCLUDED.rank_label,kyu_number=EXCLUDED.kyu_number,dan_number=EXCLUDED.dan_number,image_url=EXCLUDED.image_url;
INSERT INTO public.belts (id,style_id,name_he,name_en,color_hex,display_order,name_ja,rank_label,kyu_number,dan_number,image_url) VALUES ('b60cda56-75a0-5a7f-82fb-aab7b955f674'::uuid,'08cf62c4-70ed-5a1c-9c03-365baf9f2bd7'::uuid,'כחול','Blue','#60A5FA',5,'青帯','6級',6,NULL,'/belts/6kyu.svg') ON CONFLICT (id) DO UPDATE SET style_id=EXCLUDED.style_id,name_he=EXCLUDED.name_he,name_en=EXCLUDED.name_en,color_hex=EXCLUDED.color_hex,display_order=EXCLUDED.display_order,name_ja=EXCLUDED.name_ja,rank_label=EXCLUDED.rank_label,kyu_number=EXCLUDED.kyu_number,dan_number=EXCLUDED.dan_number,image_url=EXCLUDED.image_url;
INSERT INTO public.belts (id,style_id,name_he,name_en,color_hex,display_order,name_ja,rank_label,kyu_number,dan_number,image_url) VALUES ('fd30e079-b36a-5950-9f47-7c37d15c28f5'::uuid,'08cf62c4-70ed-5a1c-9c03-365baf9f2bd7'::uuid,'סגול','Purple','#A78BFA',6,'紫帯','5級',5,NULL,'/belts/5kyu.svg') ON CONFLICT (id) DO UPDATE SET style_id=EXCLUDED.style_id,name_he=EXCLUDED.name_he,name_en=EXCLUDED.name_en,color_hex=EXCLUDED.color_hex,display_order=EXCLUDED.display_order,name_ja=EXCLUDED.name_ja,rank_label=EXCLUDED.rank_label,kyu_number=EXCLUDED.kyu_number,dan_number=EXCLUDED.dan_number,image_url=EXCLUDED.image_url;
INSERT INTO public.belts (id,style_id,name_he,name_en,color_hex,display_order,name_ja,rank_label,kyu_number,dan_number,image_url) VALUES ('754284b7-fd94-54b7-be44-400c6fdc5749'::uuid,'08cf62c4-70ed-5a1c-9c03-365baf9f2bd7'::uuid,'חום (4級)','Brown (4th kyu)','#A16207',7,'茶帯','4級',4,NULL,'/belts/4kyu.svg') ON CONFLICT (id) DO UPDATE SET style_id=EXCLUDED.style_id,name_he=EXCLUDED.name_he,name_en=EXCLUDED.name_en,color_hex=EXCLUDED.color_hex,display_order=EXCLUDED.display_order,name_ja=EXCLUDED.name_ja,rank_label=EXCLUDED.rank_label,kyu_number=EXCLUDED.kyu_number,dan_number=EXCLUDED.dan_number,image_url=EXCLUDED.image_url;
INSERT INTO public.belts (id,style_id,name_he,name_en,color_hex,display_order,name_ja,rank_label,kyu_number,dan_number,image_url) VALUES ('1a5f6a33-7fea-58a1-8363-6bfa67548ffd'::uuid,'08cf62c4-70ed-5a1c-9c03-365baf9f2bd7'::uuid,'חום (3級)','Brown (3rd kyu)','#8B5E34',8,'茶帯','3級',3,NULL,'/belts/3kyu.svg') ON CONFLICT (id) DO UPDATE SET style_id=EXCLUDED.style_id,name_he=EXCLUDED.name_he,name_en=EXCLUDED.name_en,color_hex=EXCLUDED.color_hex,display_order=EXCLUDED.display_order,name_ja=EXCLUDED.name_ja,rank_label=EXCLUDED.rank_label,kyu_number=EXCLUDED.kyu_number,dan_number=EXCLUDED.dan_number,image_url=EXCLUDED.image_url;
INSERT INTO public.belts (id,style_id,name_he,name_en,color_hex,display_order,name_ja,rank_label,kyu_number,dan_number,image_url) VALUES ('e6ed1bc3-b302-5d26-a4c8-f973e6e58992'::uuid,'08cf62c4-70ed-5a1c-9c03-365baf9f2bd7'::uuid,'חום (2級)','Brown (2nd kyu)','#7C4A1E',9,'茶帯','2級',2,NULL,'/belts/2kyu.svg') ON CONFLICT (id) DO UPDATE SET style_id=EXCLUDED.style_id,name_he=EXCLUDED.name_he,name_en=EXCLUDED.name_en,color_hex=EXCLUDED.color_hex,display_order=EXCLUDED.display_order,name_ja=EXCLUDED.name_ja,rank_label=EXCLUDED.rank_label,kyu_number=EXCLUDED.kyu_number,dan_number=EXCLUDED.dan_number,image_url=EXCLUDED.image_url;
INSERT INTO public.belts (id,style_id,name_he,name_en,color_hex,display_order,name_ja,rank_label,kyu_number,dan_number,image_url) VALUES ('8f16ccfe-59f6-5c57-be4f-2aa08251c8b8'::uuid,'08cf62c4-70ed-5a1c-9c03-365baf9f2bd7'::uuid,'חום (1級)','Brown (1st kyu)','#6B3F1E',10,'茶帯','1級',1,NULL,'/belts/1kyu.svg') ON CONFLICT (id) DO UPDATE SET style_id=EXCLUDED.style_id,name_he=EXCLUDED.name_he,name_en=EXCLUDED.name_en,color_hex=EXCLUDED.color_hex,display_order=EXCLUDED.display_order,name_ja=EXCLUDED.name_ja,rank_label=EXCLUDED.rank_label,kyu_number=EXCLUDED.kyu_number,dan_number=EXCLUDED.dan_number,image_url=EXCLUDED.image_url;
INSERT INTO public.belts (id,style_id,name_he,name_en,color_hex,display_order,name_ja,rank_label,kyu_number,dan_number,image_url) VALUES ('8c31da4f-1c58-5355-8aff-23b75c6e19c9'::uuid,'08cf62c4-70ed-5a1c-9c03-365baf9f2bd7'::uuid,'שחור (שודאן)','Black (Shodan)','#111827',11,'黒帯','初段',NULL,1,'/belts/shodan.svg') ON CONFLICT (id) DO UPDATE SET style_id=EXCLUDED.style_id,name_he=EXCLUDED.name_he,name_en=EXCLUDED.name_en,color_hex=EXCLUDED.color_hex,display_order=EXCLUDED.display_order,name_ja=EXCLUDED.name_ja,rank_label=EXCLUDED.rank_label,kyu_number=EXCLUDED.kyu_number,dan_number=EXCLUDED.dan_number,image_url=EXCLUDED.image_url;
INSERT INTO public.belts (id,style_id,name_he,name_en,color_hex,display_order,name_ja,rank_label,kyu_number,dan_number,image_url) VALUES ('8ef5a262-86f9-566c-ac38-af2073fcfd22'::uuid,'73213ee7-4efb-5d6f-baa3-477b9e02c883'::uuid,'לבן','White','#F8FAFC',1,'白帯','10級',10,NULL,'/belts/10kyu.svg') ON CONFLICT (id) DO UPDATE SET style_id=EXCLUDED.style_id,name_he=EXCLUDED.name_he,name_en=EXCLUDED.name_en,color_hex=EXCLUDED.color_hex,display_order=EXCLUDED.display_order,name_ja=EXCLUDED.name_ja,rank_label=EXCLUDED.rank_label,kyu_number=EXCLUDED.kyu_number,dan_number=EXCLUDED.dan_number,image_url=EXCLUDED.image_url;
INSERT INTO public.belts (id,style_id,name_he,name_en,color_hex,display_order,name_ja,rank_label,kyu_number,dan_number,image_url) VALUES ('7dd5ab1e-63ca-5adc-a158-88e6e76511d8'::uuid,'73213ee7-4efb-5d6f-baa3-477b9e02c883'::uuid,'צהוב','Yellow','#FDE047',2,'黄帯','9級',9,NULL,'/belts/9kyu.svg') ON CONFLICT (id) DO UPDATE SET style_id=EXCLUDED.style_id,name_he=EXCLUDED.name_he,name_en=EXCLUDED.name_en,color_hex=EXCLUDED.color_hex,display_order=EXCLUDED.display_order,name_ja=EXCLUDED.name_ja,rank_label=EXCLUDED.rank_label,kyu_number=EXCLUDED.kyu_number,dan_number=EXCLUDED.dan_number,image_url=EXCLUDED.image_url;
INSERT INTO public.belts (id,style_id,name_he,name_en,color_hex,display_order,name_ja,rank_label,kyu_number,dan_number,image_url) VALUES ('c2533478-fb2e-5c33-a5c6-8718a682b1c9'::uuid,'73213ee7-4efb-5d6f-baa3-477b9e02c883'::uuid,'כתום','Orange','#FB923C',3,'橙帯','8級',8,NULL,'/belts/8kyu.svg') ON CONFLICT (id) DO UPDATE SET style_id=EXCLUDED.style_id,name_he=EXCLUDED.name_he,name_en=EXCLUDED.name_en,color_hex=EXCLUDED.color_hex,display_order=EXCLUDED.display_order,name_ja=EXCLUDED.name_ja,rank_label=EXCLUDED.rank_label,kyu_number=EXCLUDED.kyu_number,dan_number=EXCLUDED.dan_number,image_url=EXCLUDED.image_url;
INSERT INTO public.belts (id,style_id,name_he,name_en,color_hex,display_order,name_ja,rank_label,kyu_number,dan_number,image_url) VALUES ('bc1f9c09-cf4f-5961-b4bd-a54a2b83a4f3'::uuid,'73213ee7-4efb-5d6f-baa3-477b9e02c883'::uuid,'ירוק','Green','#4ADE80',4,'緑帯','7級',7,NULL,'/belts/7kyu.svg') ON CONFLICT (id) DO UPDATE SET style_id=EXCLUDED.style_id,name_he=EXCLUDED.name_he,name_en=EXCLUDED.name_en,color_hex=EXCLUDED.color_hex,display_order=EXCLUDED.display_order,name_ja=EXCLUDED.name_ja,rank_label=EXCLUDED.rank_label,kyu_number=EXCLUDED.kyu_number,dan_number=EXCLUDED.dan_number,image_url=EXCLUDED.image_url;
INSERT INTO public.belts (id,style_id,name_he,name_en,color_hex,display_order,name_ja,rank_label,kyu_number,dan_number,image_url) VALUES ('9af376bb-980e-5f62-8e70-8aadebfdd50f'::uuid,'73213ee7-4efb-5d6f-baa3-477b9e02c883'::uuid,'כחול','Blue','#60A5FA',5,'青帯','6級',6,NULL,'/belts/6kyu.svg') ON CONFLICT (id) DO UPDATE SET style_id=EXCLUDED.style_id,name_he=EXCLUDED.name_he,name_en=EXCLUDED.name_en,color_hex=EXCLUDED.color_hex,display_order=EXCLUDED.display_order,name_ja=EXCLUDED.name_ja,rank_label=EXCLUDED.rank_label,kyu_number=EXCLUDED.kyu_number,dan_number=EXCLUDED.dan_number,image_url=EXCLUDED.image_url;
INSERT INTO public.belts (id,style_id,name_he,name_en,color_hex,display_order,name_ja,rank_label,kyu_number,dan_number,image_url) VALUES ('98db507a-e38b-57ad-9319-0f738f2c5586'::uuid,'73213ee7-4efb-5d6f-baa3-477b9e02c883'::uuid,'סגול','Purple','#A78BFA',6,'紫帯','5級',5,NULL,'/belts/5kyu.svg') ON CONFLICT (id) DO UPDATE SET style_id=EXCLUDED.style_id,name_he=EXCLUDED.name_he,name_en=EXCLUDED.name_en,color_hex=EXCLUDED.color_hex,display_order=EXCLUDED.display_order,name_ja=EXCLUDED.name_ja,rank_label=EXCLUDED.rank_label,kyu_number=EXCLUDED.kyu_number,dan_number=EXCLUDED.dan_number,image_url=EXCLUDED.image_url;
INSERT INTO public.belts (id,style_id,name_he,name_en,color_hex,display_order,name_ja,rank_label,kyu_number,dan_number,image_url) VALUES ('86dc5f0e-1641-54e1-9914-735ac41f3c4c'::uuid,'73213ee7-4efb-5d6f-baa3-477b9e02c883'::uuid,'חום (4級)','Brown (4th kyu)','#A16207',7,'茶帯','4級',4,NULL,'/belts/4kyu.svg') ON CONFLICT (id) DO UPDATE SET style_id=EXCLUDED.style_id,name_he=EXCLUDED.name_he,name_en=EXCLUDED.name_en,color_hex=EXCLUDED.color_hex,display_order=EXCLUDED.display_order,name_ja=EXCLUDED.name_ja,rank_label=EXCLUDED.rank_label,kyu_number=EXCLUDED.kyu_number,dan_number=EXCLUDED.dan_number,image_url=EXCLUDED.image_url;
INSERT INTO public.belts (id,style_id,name_he,name_en,color_hex,display_order,name_ja,rank_label,kyu_number,dan_number,image_url) VALUES ('47c2cd48-c585-5c79-af04-abd737f950ad'::uuid,'73213ee7-4efb-5d6f-baa3-477b9e02c883'::uuid,'חום (3級)','Brown (3rd kyu)','#8B5E34',8,'茶帯','3級',3,NULL,'/belts/3kyu.svg') ON CONFLICT (id) DO UPDATE SET style_id=EXCLUDED.style_id,name_he=EXCLUDED.name_he,name_en=EXCLUDED.name_en,color_hex=EXCLUDED.color_hex,display_order=EXCLUDED.display_order,name_ja=EXCLUDED.name_ja,rank_label=EXCLUDED.rank_label,kyu_number=EXCLUDED.kyu_number,dan_number=EXCLUDED.dan_number,image_url=EXCLUDED.image_url;
INSERT INTO public.belts (id,style_id,name_he,name_en,color_hex,display_order,name_ja,rank_label,kyu_number,dan_number,image_url) VALUES ('232c2298-c599-5cb2-8239-90b345925e5d'::uuid,'73213ee7-4efb-5d6f-baa3-477b9e02c883'::uuid,'חום (2級)','Brown (2nd kyu)','#7C4A1E',9,'茶帯','2級',2,NULL,'/belts/2kyu.svg') ON CONFLICT (id) DO UPDATE SET style_id=EXCLUDED.style_id,name_he=EXCLUDED.name_he,name_en=EXCLUDED.name_en,color_hex=EXCLUDED.color_hex,display_order=EXCLUDED.display_order,name_ja=EXCLUDED.name_ja,rank_label=EXCLUDED.rank_label,kyu_number=EXCLUDED.kyu_number,dan_number=EXCLUDED.dan_number,image_url=EXCLUDED.image_url;
INSERT INTO public.belts (id,style_id,name_he,name_en,color_hex,display_order,name_ja,rank_label,kyu_number,dan_number,image_url) VALUES ('fd2956c4-66ce-57f6-a87c-ac2fb7994a62'::uuid,'73213ee7-4efb-5d6f-baa3-477b9e02c883'::uuid,'חום (1級)','Brown (1st kyu)','#6B3F1E',10,'茶帯','1級',1,NULL,'/belts/1kyu.svg') ON CONFLICT (id) DO UPDATE SET style_id=EXCLUDED.style_id,name_he=EXCLUDED.name_he,name_en=EXCLUDED.name_en,color_hex=EXCLUDED.color_hex,display_order=EXCLUDED.display_order,name_ja=EXCLUDED.name_ja,rank_label=EXCLUDED.rank_label,kyu_number=EXCLUDED.kyu_number,dan_number=EXCLUDED.dan_number,image_url=EXCLUDED.image_url;
INSERT INTO public.belts (id,style_id,name_he,name_en,color_hex,display_order,name_ja,rank_label,kyu_number,dan_number,image_url) VALUES ('f063adaf-0548-5e37-a440-31cdcd3041cb'::uuid,'73213ee7-4efb-5d6f-baa3-477b9e02c883'::uuid,'שחור (שודאן)','Black (Shodan)','#111827',11,'黒帯','初段',NULL,1,'/belts/shodan.svg') ON CONFLICT (id) DO UPDATE SET style_id=EXCLUDED.style_id,name_he=EXCLUDED.name_he,name_en=EXCLUDED.name_en,color_hex=EXCLUDED.color_hex,display_order=EXCLUDED.display_order,name_ja=EXCLUDED.name_ja,rank_label=EXCLUDED.rank_label,kyu_number=EXCLUDED.kyu_number,dan_number=EXCLUDED.dan_number,image_url=EXCLUDED.image_url;

-- Seed Terms (Shotokan core + glossary)
INSERT INTO public.terms (id,style_id,belt_id,term_he,term_en,term_ja,romaji,description_md,image_url,category) VALUES ('37bb1c5a-6bb2-5dea-b234-54f8988b49f0'::uuid,'d84f4e1c-2959-5921-8e19-d480b15c48d2'::uuid,'64d766b5-1214-5e2d-9a30-b607d14a26e9'::uuid,'האצ''יג''י דאצ''י','Hachiji-dachi','八字立ち','hachiji-dachi','עמידת ''8'': עקבים ברוחב כתפיים, כפות רגליים פתוחות מעט החוצה. בסיס ללימוד קיהון.','/illustrations/tech/hachiji-dachi.svg','stance') ON CONFLICT (id) DO UPDATE SET style_id=EXCLUDED.style_id,belt_id=EXCLUDED.belt_id,term_he=EXCLUDED.term_he,term_en=EXCLUDED.term_en,term_ja=EXCLUDED.term_ja,romaji=EXCLUDED.romaji,description_md=EXCLUDED.description_md,image_url=EXCLUDED.image_url,category=EXCLUDED.category;
INSERT INTO public.terms (id,style_id,belt_id,term_he,term_en,term_ja,romaji,description_md,image_url,category) VALUES ('59407a0a-d3e7-500a-9f57-f7704ebc08ed'::uuid,'d84f4e1c-2959-5921-8e19-d480b15c48d2'::uuid,'64d766b5-1214-5e2d-9a30-b607d14a26e9'::uuid,'הייסוקו דאצ''י','Heisoku-dachi','閉足立ち','heisoku-dachi','עמידה צמודה: כפות רגליים יחד. נפוץ בתחילת/סיום תרגול או מעבר.','/illustrations/tech/heisoku-dachi.svg','stance') ON CONFLICT (id) DO UPDATE SET style_id=EXCLUDED.style_id,belt_id=EXCLUDED.belt_id,term_he=EXCLUDED.term_he,term_en=EXCLUDED.term_en,term_ja=EXCLUDED.term_ja,romaji=EXCLUDED.romaji,description_md=EXCLUDED.description_md,image_url=EXCLUDED.image_url,category=EXCLUDED.category;
INSERT INTO public.terms (id,style_id,belt_id,term_he,term_en,term_ja,romaji,description_md,image_url,category) VALUES ('c2351968-6cb8-5fbe-b362-096ad1a8773e'::uuid,'d84f4e1c-2959-5921-8e19-d480b15c48d2'::uuid,'64d766b5-1214-5e2d-9a30-b607d14a26e9'::uuid,'מוסובי דאצ''י','Musubi-dachi','結び立ち','musubi-dachi','עמידה ''קשורה'': עקבים יחד, בהונות פתוחות החוצה. עמידת רֵיי (קידה).','/illustrations/tech/musubi-dachi.svg','stance') ON CONFLICT (id) DO UPDATE SET style_id=EXCLUDED.style_id,belt_id=EXCLUDED.belt_id,term_he=EXCLUDED.term_he,term_en=EXCLUDED.term_en,term_ja=EXCLUDED.term_ja,romaji=EXCLUDED.romaji,description_md=EXCLUDED.description_md,image_url=EXCLUDED.image_url,category=EXCLUDED.category;
INSERT INTO public.terms (id,style_id,belt_id,term_he,term_en,term_ja,romaji,description_md,image_url,category) VALUES ('e2536cf0-38a0-5c7b-81c4-adf382bff884'::uuid,'d84f4e1c-2959-5921-8e19-d480b15c48d2'::uuid,'33324d4a-43aa-5a00-a24b-04c9ed6a5c58'::uuid,'זנקוצו דאצ''י','Zenkutsu-dachi','前屈立ち','zenkutsu-dachi','עמידה קדמית: משקל קדימה, ברך קדמית כפופה, רגל אחורית מתוחה. בסיס לתנועה והתקפה.','/illustrations/tech/zenkutsu-dachi.svg','stance') ON CONFLICT (id) DO UPDATE SET style_id=EXCLUDED.style_id,belt_id=EXCLUDED.belt_id,term_he=EXCLUDED.term_he,term_en=EXCLUDED.term_en,term_ja=EXCLUDED.term_ja,romaji=EXCLUDED.romaji,description_md=EXCLUDED.description_md,image_url=EXCLUDED.image_url,category=EXCLUDED.category;
INSERT INTO public.terms (id,style_id,belt_id,term_he,term_en,term_ja,romaji,description_md,image_url,category) VALUES ('a331be87-10a0-55c5-8978-527553adce21'::uuid,'d84f4e1c-2959-5921-8e19-d480b15c48d2'::uuid,'163392dc-64fa-53b8-bdb1-710f1fa8df95'::uuid,'קוקוצו דאצ''י','Kokutsu-dachi','後屈立ち','kokutsu-dachi','עמידה אחורית: רוב המשקל אחורה, רגל קדמית קלה. נפוץ בהגנות ובהכנה למעבר.','/illustrations/tech/kokutsu-dachi.svg','stance') ON CONFLICT (id) DO UPDATE SET style_id=EXCLUDED.style_id,belt_id=EXCLUDED.belt_id,term_he=EXCLUDED.term_he,term_en=EXCLUDED.term_en,term_ja=EXCLUDED.term_ja,romaji=EXCLUDED.romaji,description_md=EXCLUDED.description_md,image_url=EXCLUDED.image_url,category=EXCLUDED.category;
INSERT INTO public.terms (id,style_id,belt_id,term_he,term_en,term_ja,romaji,description_md,image_url,category) VALUES ('e4fc04ca-0a3d-5be6-afe1-eaf807bb7c7a'::uuid,'d84f4e1c-2959-5921-8e19-d480b15c48d2'::uuid,'3214cfe1-14b6-5720-b119-f8435fe04579'::uuid,'קיבה דאצ''י','Kiba-dachi','騎馬立ち','kiba-dachi','עמידת ''רכיבה'': רגליים רחבות, ברכיים החוצה, גב ישר. משמשת לחיזוק יציבה וקו אמצע.','/illustrations/tech/kiba-dachi.svg','stance') ON CONFLICT (id) DO UPDATE SET style_id=EXCLUDED.style_id,belt_id=EXCLUDED.belt_id,term_he=EXCLUDED.term_he,term_en=EXCLUDED.term_en,term_ja=EXCLUDED.term_ja,romaji=EXCLUDED.romaji,description_md=EXCLUDED.description_md,image_url=EXCLUDED.image_url,category=EXCLUDED.category;
INSERT INTO public.terms (id,style_id,belt_id,term_he,term_en,term_ja,romaji,description_md,image_url,category) VALUES ('9c49fc0d-95d4-538b-bf2a-e87d552321d8'::uuid,'d84f4e1c-2959-5921-8e19-d480b15c48d2'::uuid,'64d766b5-1214-5e2d-9a30-b607d14a26e9'::uuid,'צ''ודאן צ''וקו-זוקי','Chudan Choku-zuki','中段直突き','chūdan choku-zuki','אגרוף ישר לגובה אמצע (סולאר-פלקסוס). דגש: אגרוף מסתובב בסוף, כתפיים רפויות, היקי-טה.','/illustrations/tech/chudan-choku-zuki.svg','strike') ON CONFLICT (id) DO UPDATE SET style_id=EXCLUDED.style_id,belt_id=EXCLUDED.belt_id,term_he=EXCLUDED.term_he,term_en=EXCLUDED.term_en,term_ja=EXCLUDED.term_ja,romaji=EXCLUDED.romaji,description_md=EXCLUDED.description_md,image_url=EXCLUDED.image_url,category=EXCLUDED.category;
INSERT INTO public.terms (id,style_id,belt_id,term_he,term_en,term_ja,romaji,description_md,image_url,category) VALUES ('253771d8-3afa-53fb-8204-a32a7c60bfba'::uuid,'d84f4e1c-2959-5921-8e19-d480b15c48d2'::uuid,'33324d4a-43aa-5a00-a24b-04c9ed6a5c58'::uuid,'צ''ודאן ג''ון-זוקי','Chudan Jun-zuki','中段順突き','chūdan jun-zuki','אגרוף קדמי (עם יד ורגל קדמיות). נפוץ באִידוֹ-קִיהוֹן.','/illustrations/tech/chudan-jun-zuki.svg','strike') ON CONFLICT (id) DO UPDATE SET style_id=EXCLUDED.style_id,belt_id=EXCLUDED.belt_id,term_he=EXCLUDED.term_he,term_en=EXCLUDED.term_en,term_ja=EXCLUDED.term_ja,romaji=EXCLUDED.romaji,description_md=EXCLUDED.description_md,image_url=EXCLUDED.image_url,category=EXCLUDED.category;
INSERT INTO public.terms (id,style_id,belt_id,term_he,term_en,term_ja,romaji,description_md,image_url,category) VALUES ('dd1e30c4-6379-59b8-a444-758b7f36a7c7'::uuid,'d84f4e1c-2959-5921-8e19-d480b15c48d2'::uuid,'163392dc-64fa-53b8-bdb1-710f1fa8df95'::uuid,'צ''ודאן גיאקו-זוקי','Chudan Gyaku-zuki','中段逆突き','chūdan gyaku-zuki','אגרוף ''הפוך'' (יד אחורית עם רגל קדמית). דגש על סיבוב אגן והעברת משקל.','/illustrations/tech/chudan-gyaku-zuki.svg','strike') ON CONFLICT (id) DO UPDATE SET style_id=EXCLUDED.style_id,belt_id=EXCLUDED.belt_id,term_he=EXCLUDED.term_he,term_en=EXCLUDED.term_en,term_ja=EXCLUDED.term_ja,romaji=EXCLUDED.romaji,description_md=EXCLUDED.description_md,image_url=EXCLUDED.image_url,category=EXCLUDED.category;
INSERT INTO public.terms (id,style_id,belt_id,term_he,term_en,term_ja,romaji,description_md,image_url,category) VALUES ('6cad385b-0bd1-57fe-9b12-9c83aeb95271'::uuid,'d84f4e1c-2959-5921-8e19-d480b15c48d2'::uuid,'c8d85a92-697c-5a9b-b3dc-14182de5b973'::uuid,'קיזאמי-זוקי','Kizami-zuki','刻み突き','kizami-zuki','אגרוף חודר/קצר עם היד הקדמית. משמש בקומיטה לתזמון ומהירות.','/illustrations/tech/kizami-zuki.svg','strike') ON CONFLICT (id) DO UPDATE SET style_id=EXCLUDED.style_id,belt_id=EXCLUDED.belt_id,term_he=EXCLUDED.term_he,term_en=EXCLUDED.term_en,term_ja=EXCLUDED.term_ja,romaji=EXCLUDED.romaji,description_md=EXCLUDED.description_md,image_url=EXCLUDED.image_url,category=EXCLUDED.category;
INSERT INTO public.terms (id,style_id,belt_id,term_he,term_en,term_ja,romaji,description_md,image_url,category) VALUES ('e470a474-495b-5abb-a9ef-2b7b024ca064'::uuid,'d84f4e1c-2959-5921-8e19-d480b15c48d2'::uuid,'e0ce8381-5bc5-5f80-a183-92528abdfab3'::uuid,'יוקו-אמפי','Yoko-enpi','横猿臂','yoko enpi','מרפק צידי. מטרה: טווח קצר, שומר על מרכז כבד.','/illustrations/tech/yoko-enpi.svg','strike') ON CONFLICT (id) DO UPDATE SET style_id=EXCLUDED.style_id,belt_id=EXCLUDED.belt_id,term_he=EXCLUDED.term_he,term_en=EXCLUDED.term_en,term_ja=EXCLUDED.term_ja,romaji=EXCLUDED.romaji,description_md=EXCLUDED.description_md,image_url=EXCLUDED.image_url,category=EXCLUDED.category;
INSERT INTO public.terms (id,style_id,belt_id,term_he,term_en,term_ja,romaji,description_md,image_url,category) VALUES ('2d24363d-3420-5d08-8cd6-bd158591a6c4'::uuid,'d84f4e1c-2959-5921-8e19-d480b15c48d2'::uuid,'e0ce8381-5bc5-5f80-a183-92528abdfab3'::uuid,'יוקו-אוראקֶן-אוצ''י','Yoko-uraken-uchi','横裏拳打ち','yoko uraken uchi','מכת גב-אגרוף צידית. דגש על רפיון-מהירות-עצירה.','/illustrations/tech/yoko-uraken-uchi.svg','strike') ON CONFLICT (id) DO UPDATE SET style_id=EXCLUDED.style_id,belt_id=EXCLUDED.belt_id,term_he=EXCLUDED.term_he,term_en=EXCLUDED.term_en,term_ja=EXCLUDED.term_ja,romaji=EXCLUDED.romaji,description_md=EXCLUDED.description_md,image_url=EXCLUDED.image_url,category=EXCLUDED.category;
INSERT INTO public.terms (id,style_id,belt_id,term_he,term_en,term_ja,romaji,description_md,image_url,category) VALUES ('73ee6f86-7d58-594f-9643-716d564024f8'::uuid,'d84f4e1c-2959-5921-8e19-d480b15c48d2'::uuid,'f4503d24-1fda-5ea9-8195-d11d8f17e0c4'::uuid,'נוקיטה','Nukite','貫手','nukite','יד חודרת (אצבעות צמודות). בדרך כלל בתרגול מסורתי/בונקאי.','/illustrations/tech/nukite.svg','strike') ON CONFLICT (id) DO UPDATE SET style_id=EXCLUDED.style_id,belt_id=EXCLUDED.belt_id,term_he=EXCLUDED.term_he,term_en=EXCLUDED.term_en,term_ja=EXCLUDED.term_ja,romaji=EXCLUDED.romaji,description_md=EXCLUDED.description_md,image_url=EXCLUDED.image_url,category=EXCLUDED.category;
INSERT INTO public.terms (id,style_id,belt_id,term_he,term_en,term_ja,romaji,description_md,image_url,category) VALUES ('f28a1c22-28d3-5e38-9d78-c62aa87d15a8'::uuid,'d84f4e1c-2959-5921-8e19-d480b15c48d2'::uuid,'3a028c70-c213-51bc-bb88-c60a68eb22b4'::uuid,'סאנבון רנזוקי','Sanbon renzuki','三本連突き','sanbon renzuki','שלושה אגרופים רצופים (לרוב: ג''ודאן-צ''ודאן-צ''ודאן). אימון קצב ומרחק.','/illustrations/tech/sanbon-renzuki.svg','strike') ON CONFLICT (id) DO UPDATE SET style_id=EXCLUDED.style_id,belt_id=EXCLUDED.belt_id,term_he=EXCLUDED.term_he,term_en=EXCLUDED.term_en,term_ja=EXCLUDED.term_ja,romaji=EXCLUDED.romaji,description_md=EXCLUDED.description_md,image_url=EXCLUDED.image_url,category=EXCLUDED.category;
INSERT INTO public.terms (id,style_id,belt_id,term_he,term_en,term_ja,romaji,description_md,image_url,category) VALUES ('8b522397-0f4e-51b5-8661-c1914b6bad6d'::uuid,'d84f4e1c-2959-5921-8e19-d480b15c48d2'::uuid,'64d766b5-1214-5e2d-9a30-b607d14a26e9'::uuid,'ג''ודאן אגה-אוקה','Jodan Age-uke','上段上げ受け','jōdan age-uke','הגנת ''עולה'' נגד התקפה לגובה ראש. דגש: מרפק לא נפתח החוצה, אמה בזווית.','/illustrations/tech/jodan-age-uke.svg','block') ON CONFLICT (id) DO UPDATE SET style_id=EXCLUDED.style_id,belt_id=EXCLUDED.belt_id,term_he=EXCLUDED.term_he,term_en=EXCLUDED.term_en,term_ja=EXCLUDED.term_ja,romaji=EXCLUDED.romaji,description_md=EXCLUDED.description_md,image_url=EXCLUDED.image_url,category=EXCLUDED.category;
INSERT INTO public.terms (id,style_id,belt_id,term_he,term_en,term_ja,romaji,description_md,image_url,category) VALUES ('cdcb99b3-feb8-55fd-8c96-5b2b2e9543f3'::uuid,'d84f4e1c-2959-5921-8e19-d480b15c48d2'::uuid,'64d766b5-1214-5e2d-9a30-b607d14a26e9'::uuid,'צ''ודאן סוטו-אוקה','Chudan Soto-uke','中段外受け','chūdan soto-uke','הגנת ''חוץ''. מסיטה התקפה לקו חיצוני.','/illustrations/tech/chudan-soto-uke.svg','block') ON CONFLICT (id) DO UPDATE SET style_id=EXCLUDED.style_id,belt_id=EXCLUDED.belt_id,term_he=EXCLUDED.term_he,term_en=EXCLUDED.term_en,term_ja=EXCLUDED.term_ja,romaji=EXCLUDED.romaji,description_md=EXCLUDED.description_md,image_url=EXCLUDED.image_url,category=EXCLUDED.category;
INSERT INTO public.terms (id,style_id,belt_id,term_he,term_en,term_ja,romaji,description_md,image_url,category) VALUES ('7930f315-052a-5d03-ad64-8bd600cdfccb'::uuid,'d84f4e1c-2959-5921-8e19-d480b15c48d2'::uuid,'163392dc-64fa-53b8-bdb1-710f1fa8df95'::uuid,'צ''ודאן אוצ''י-אוקה','Chudan Uchi-uke','中段内受け','chūdan uchi-uke','הגנת ''פנים''. מסיטה התקפה לקו פנימי.','/illustrations/tech/chudan-uchi-uke.svg','block') ON CONFLICT (id) DO UPDATE SET style_id=EXCLUDED.style_id,belt_id=EXCLUDED.belt_id,term_he=EXCLUDED.term_he,term_en=EXCLUDED.term_en,term_ja=EXCLUDED.term_ja,romaji=EXCLUDED.romaji,description_md=EXCLUDED.description_md,image_url=EXCLUDED.image_url,category=EXCLUDED.category;
INSERT INTO public.terms (id,style_id,belt_id,term_he,term_en,term_ja,romaji,description_md,image_url,category) VALUES ('13c73d69-55a3-5b75-a477-eb54f43f2d66'::uuid,'d84f4e1c-2959-5921-8e19-d480b15c48d2'::uuid,'c8d85a92-697c-5a9b-b3dc-14182de5b973'::uuid,'קוקוצו שוטו-אוקה','Kokutsu Shuto-uke','後屈手刀受け','kokutsu shuto-uke','הגנת ''יד-סכין'' בעמידה אחורית. דגש על היקי-טה ויישור קו.','/illustrations/tech/kokutsu-shuto-uke.svg','block') ON CONFLICT (id) DO UPDATE SET style_id=EXCLUDED.style_id,belt_id=EXCLUDED.belt_id,term_he=EXCLUDED.term_he,term_en=EXCLUDED.term_en,term_ja=EXCLUDED.term_ja,romaji=EXCLUDED.romaji,description_md=EXCLUDED.description_md,image_url=EXCLUDED.image_url,category=EXCLUDED.category;
INSERT INTO public.terms (id,style_id,belt_id,term_he,term_en,term_ja,romaji,description_md,image_url,category) VALUES ('46c0dcce-265d-5a36-920a-2e033a020996'::uuid,'d84f4e1c-2959-5921-8e19-d480b15c48d2'::uuid,'33324d4a-43aa-5a00-a24b-04c9ed6a5c58'::uuid,'גדאן-בראי','Gedan-barai','下段払い','gedan-barai','הגנת ''מטאטא'' לגובה נמוך. משמשת נגד בעיטה/אחיזה לקו נמוך.','/illustrations/tech/gedan-barai.svg','block') ON CONFLICT (id) DO UPDATE SET style_id=EXCLUDED.style_id,belt_id=EXCLUDED.belt_id,term_he=EXCLUDED.term_he,term_en=EXCLUDED.term_en,term_ja=EXCLUDED.term_ja,romaji=EXCLUDED.romaji,description_md=EXCLUDED.description_md,image_url=EXCLUDED.image_url,category=EXCLUDED.category;
INSERT INTO public.terms (id,style_id,belt_id,term_he,term_en,term_ja,romaji,description_md,image_url,category) VALUES ('c393069a-3a80-5d2b-ae43-594588930ce0'::uuid,'d84f4e1c-2959-5921-8e19-d480b15c48d2'::uuid,'64d766b5-1214-5e2d-9a30-b607d14a26e9'::uuid,'מאה-גרי','Mae-geri','前蹴り','mae-geri','בעיטה קדמית. דגש: הרמה ברך, דחיפה/צליפה, חזרה מהירה.','/illustrations/tech/mae-geri.svg','kick') ON CONFLICT (id) DO UPDATE SET style_id=EXCLUDED.style_id,belt_id=EXCLUDED.belt_id,term_he=EXCLUDED.term_he,term_en=EXCLUDED.term_en,term_ja=EXCLUDED.term_ja,romaji=EXCLUDED.romaji,description_md=EXCLUDED.description_md,image_url=EXCLUDED.image_url,category=EXCLUDED.category;
INSERT INTO public.terms (id,style_id,belt_id,term_he,term_en,term_ja,romaji,description_md,image_url,category) VALUES ('033be6a6-c718-5c06-939d-22df3d5b8bb6'::uuid,'d84f4e1c-2959-5921-8e19-d480b15c48d2'::uuid,'33324d4a-43aa-5a00-a24b-04c9ed6a5c58'::uuid,'יוקו-גרי קֵיאגֶה','Yoko-geri Keage','横蹴り上げ','yoko-geri keage','בעיטה צדית ''עולה'' (קֵיאגֶה). מהירה, לרוב עם חזרה מהירה.','/illustrations/tech/yoko-geri-keage.svg','kick') ON CONFLICT (id) DO UPDATE SET style_id=EXCLUDED.style_id,belt_id=EXCLUDED.belt_id,term_he=EXCLUDED.term_he,term_en=EXCLUDED.term_en,term_ja=EXCLUDED.term_ja,romaji=EXCLUDED.romaji,description_md=EXCLUDED.description_md,image_url=EXCLUDED.image_url,category=EXCLUDED.category;
INSERT INTO public.terms (id,style_id,belt_id,term_he,term_en,term_ja,romaji,description_md,image_url,category) VALUES ('427124bd-a685-518b-9120-a695c84e5085'::uuid,'d84f4e1c-2959-5921-8e19-d480b15c48d2'::uuid,'c8d85a92-697c-5a9b-b3dc-14182de5b973'::uuid,'יוקו-גרי קֶקוֹמִי','Yoko-geri Kekomi','横蹴り込み','yoko-geri kekomi','בעיטה צדית ''דוחפת'' (קֶקוֹמִי). דגש על דחיפה ועקב.','/illustrations/tech/yoko-geri-kekomi.svg','kick') ON CONFLICT (id) DO UPDATE SET style_id=EXCLUDED.style_id,belt_id=EXCLUDED.belt_id,term_he=EXCLUDED.term_he,term_en=EXCLUDED.term_en,term_ja=EXCLUDED.term_ja,romaji=EXCLUDED.romaji,description_md=EXCLUDED.description_md,image_url=EXCLUDED.image_url,category=EXCLUDED.category;
INSERT INTO public.terms (id,style_id,belt_id,term_he,term_en,term_ja,romaji,description_md,image_url,category) VALUES ('d24d3d40-488a-5b2f-88cb-6e7955dd2404'::uuid,'d84f4e1c-2959-5921-8e19-d480b15c48d2'::uuid,'c891797b-5d99-5d83-9af0-e0317ae60dea'::uuid,'מאוואשי-גרי','Mawashi-geri','回し蹴り','mawashi-geri','בעיטה מעגלית. דגש: סיבוב ירך, מגע בכף רגל/שוק לפי סגנון.','/illustrations/tech/mawashi-geri.svg','kick') ON CONFLICT (id) DO UPDATE SET style_id=EXCLUDED.style_id,belt_id=EXCLUDED.belt_id,term_he=EXCLUDED.term_he,term_en=EXCLUDED.term_en,term_ja=EXCLUDED.term_ja,romaji=EXCLUDED.romaji,description_md=EXCLUDED.description_md,image_url=EXCLUDED.image_url,category=EXCLUDED.category;
INSERT INTO public.terms (id,style_id,belt_id,term_he,term_en,term_ja,romaji,description_md,image_url,category) VALUES ('5531bd0a-dc39-5f9a-b016-5a2f7d2f7012'::uuid,'d84f4e1c-2959-5921-8e19-d480b15c48d2'::uuid,'64d766b5-1214-5e2d-9a30-b607d14a26e9'::uuid,'רֵיי (קידה)','Rei (bow)','礼','rei','קידה מסורתית. מתחילים ומסיימים תרגול בכבוד.',NULL,'concept') ON CONFLICT (id) DO UPDATE SET style_id=EXCLUDED.style_id,belt_id=EXCLUDED.belt_id,term_he=EXCLUDED.term_he,term_en=EXCLUDED.term_en,term_ja=EXCLUDED.term_ja,romaji=EXCLUDED.romaji,description_md=EXCLUDED.description_md,image_url=EXCLUDED.image_url,category=EXCLUDED.category;
INSERT INTO public.terms (id,style_id,belt_id,term_he,term_en,term_ja,romaji,description_md,image_url,category) VALUES ('6dc57e77-bc6c-5398-92a4-581a57bd7ef6'::uuid,'d84f4e1c-2959-5921-8e19-d480b15c48d2'::uuid,'64d766b5-1214-5e2d-9a30-b607d14a26e9'::uuid,'קִיאַיי','Kiai','気合','kiai','צעקה קצרה שמרכזת נשימה, כוונה והדגשה טכנית.',NULL,'concept') ON CONFLICT (id) DO UPDATE SET style_id=EXCLUDED.style_id,belt_id=EXCLUDED.belt_id,term_he=EXCLUDED.term_he,term_en=EXCLUDED.term_en,term_ja=EXCLUDED.term_ja,romaji=EXCLUDED.romaji,description_md=EXCLUDED.description_md,image_url=EXCLUDED.image_url,category=EXCLUDED.category;
INSERT INTO public.terms (id,style_id,belt_id,term_he,term_en,term_ja,romaji,description_md,image_url,category) VALUES ('dbf5b381-b907-536e-8bdc-c7f1a621fe1a'::uuid,'d84f4e1c-2959-5921-8e19-d480b15c48d2'::uuid,'64d766b5-1214-5e2d-9a30-b607d14a26e9'::uuid,'קִיהוֹן','Kihon','基本','kihon','יסודות: טכניקות בסיסיות (אגרופים/הגנות/בעיטות/עמידות).',NULL,'concept') ON CONFLICT (id) DO UPDATE SET style_id=EXCLUDED.style_id,belt_id=EXCLUDED.belt_id,term_he=EXCLUDED.term_he,term_en=EXCLUDED.term_en,term_ja=EXCLUDED.term_ja,romaji=EXCLUDED.romaji,description_md=EXCLUDED.description_md,image_url=EXCLUDED.image_url,category=EXCLUDED.category;
INSERT INTO public.terms (id,style_id,belt_id,term_he,term_en,term_ja,romaji,description_md,image_url,category) VALUES ('c5ad9d83-6635-548e-9423-bc3fc58c6de6'::uuid,'d84f4e1c-2959-5921-8e19-d480b15c48d2'::uuid,'64d766b5-1214-5e2d-9a30-b607d14a26e9'::uuid,'קָאטָה','Kata','形','kata','תבנית תנועה מסורתית שמפתחת קצב, יציבה, נשימה ודיוק.',NULL,'concept') ON CONFLICT (id) DO UPDATE SET style_id=EXCLUDED.style_id,belt_id=EXCLUDED.belt_id,term_he=EXCLUDED.term_he,term_en=EXCLUDED.term_en,term_ja=EXCLUDED.term_ja,romaji=EXCLUDED.romaji,description_md=EXCLUDED.description_md,image_url=EXCLUDED.image_url,category=EXCLUDED.category;
INSERT INTO public.terms (id,style_id,belt_id,term_he,term_en,term_ja,romaji,description_md,image_url,category) VALUES ('8e843b70-8f75-5b8e-8d42-70893ac7712d'::uuid,'d84f4e1c-2959-5921-8e19-d480b15c48d2'::uuid,'64d766b5-1214-5e2d-9a30-b607d14a26e9'::uuid,'קוּמִיטֶה','Kumite','組手','kumite','קרב/תרגול זוגי: מתרגילים מובנים עד קרב חופשי.',NULL,'kumite') ON CONFLICT (id) DO UPDATE SET style_id=EXCLUDED.style_id,belt_id=EXCLUDED.belt_id,term_he=EXCLUDED.term_he,term_en=EXCLUDED.term_en,term_ja=EXCLUDED.term_ja,romaji=EXCLUDED.romaji,description_md=EXCLUDED.description_md,image_url=EXCLUDED.image_url,category=EXCLUDED.category;
INSERT INTO public.terms (id,style_id,belt_id,term_he,term_en,term_ja,romaji,description_md,image_url,category) VALUES ('b64a0b68-1a5a-5ee8-9700-1c9ac4008f71'::uuid,'d84f4e1c-2959-5921-8e19-d480b15c48d2'::uuid,'3214cfe1-14b6-5720-b119-f8435fe04579'::uuid,'בּוּנְקָאי','Bunkai','分解','bunkai','פירוק/יישום של תנועות קאטה בתרגול זוגי.',NULL,'concept') ON CONFLICT (id) DO UPDATE SET style_id=EXCLUDED.style_id,belt_id=EXCLUDED.belt_id,term_he=EXCLUDED.term_he,term_en=EXCLUDED.term_en,term_ja=EXCLUDED.term_ja,romaji=EXCLUDED.romaji,description_md=EXCLUDED.description_md,image_url=EXCLUDED.image_url,category=EXCLUDED.category;
INSERT INTO public.terms (id,style_id,belt_id,term_he,term_en,term_ja,romaji,description_md,image_url,category) VALUES ('3030e171-475a-50bb-a9cd-4b95f7d06060'::uuid,'d84f4e1c-2959-5921-8e19-d480b15c48d2'::uuid,'33324d4a-43aa-5a00-a24b-04c9ed6a5c58'::uuid,'אִידוֹ-קִיהוֹן','Ido Kihon (moving basics)','移動基本','idō kihon','קיהון בתנועה: צעד קדימה/אחורה עם טכניקות.',NULL,'concept') ON CONFLICT (id) DO UPDATE SET style_id=EXCLUDED.style_id,belt_id=EXCLUDED.belt_id,term_he=EXCLUDED.term_he,term_en=EXCLUDED.term_en,term_ja=EXCLUDED.term_ja,romaji=EXCLUDED.romaji,description_md=EXCLUDED.description_md,image_url=EXCLUDED.image_url,category=EXCLUDED.category;
INSERT INTO public.terms (id,style_id,belt_id,term_he,term_en,term_ja,romaji,description_md,image_url,category) VALUES ('59a6a2fc-81eb-544a-ae3b-fef2e8465aff'::uuid,'d84f4e1c-2959-5921-8e19-d480b15c48d2'::uuid,'33324d4a-43aa-5a00-a24b-04c9ed6a5c58'::uuid,'גוֹהוֹן קוּמִיטֶה','Gohon Kumite','五本組手','gohon kumite','קרב 5 צעדים (מובנה): חמש התקפות זהות והגנה+נגד.',NULL,'kumite') ON CONFLICT (id) DO UPDATE SET style_id=EXCLUDED.style_id,belt_id=EXCLUDED.belt_id,term_he=EXCLUDED.term_he,term_en=EXCLUDED.term_en,term_ja=EXCLUDED.term_ja,romaji=EXCLUDED.romaji,description_md=EXCLUDED.description_md,image_url=EXCLUDED.image_url,category=EXCLUDED.category;
INSERT INTO public.terms (id,style_id,belt_id,term_he,term_en,term_ja,romaji,description_md,image_url,category) VALUES ('e49a835c-e885-52ac-9f50-1883fa7f6088'::uuid,'d84f4e1c-2959-5921-8e19-d480b15c48d2'::uuid,'163392dc-64fa-53b8-bdb1-710f1fa8df95'::uuid,'סאנבון קוּמִיטֶה','Sanbon Kumite','三本組手','sanbon kumite','קרב 3 צעדים (מובנה).',NULL,'kumite') ON CONFLICT (id) DO UPDATE SET style_id=EXCLUDED.style_id,belt_id=EXCLUDED.belt_id,term_he=EXCLUDED.term_he,term_en=EXCLUDED.term_en,term_ja=EXCLUDED.term_ja,romaji=EXCLUDED.romaji,description_md=EXCLUDED.description_md,image_url=EXCLUDED.image_url,category=EXCLUDED.category;
INSERT INTO public.terms (id,style_id,belt_id,term_he,term_en,term_ja,romaji,description_md,image_url,category) VALUES ('a4fbd687-84cb-5ad5-81cb-5d4fe7657fb3'::uuid,'d84f4e1c-2959-5921-8e19-d480b15c48d2'::uuid,'3214cfe1-14b6-5720-b119-f8435fe04579'::uuid,'קיהון איפון קוּמִיטֶה','Kihon Ippon Kumite','基本一本組手','kihon ippon kumite','קרב בסיסי ''איפון'' (1 התקפה מוסכמת).',NULL,'kumite') ON CONFLICT (id) DO UPDATE SET style_id=EXCLUDED.style_id,belt_id=EXCLUDED.belt_id,term_he=EXCLUDED.term_he,term_en=EXCLUDED.term_en,term_ja=EXCLUDED.term_ja,romaji=EXCLUDED.romaji,description_md=EXCLUDED.description_md,image_url=EXCLUDED.image_url,category=EXCLUDED.category;
INSERT INTO public.terms (id,style_id,belt_id,term_he,term_en,term_ja,romaji,description_md,image_url,category) VALUES ('8416f793-cae9-5cf9-9244-7c04e9fca698'::uuid,'d84f4e1c-2959-5921-8e19-d480b15c48d2'::uuid,'e0ce8381-5bc5-5f80-a183-92528abdfab3'::uuid,'ג''יו איפון קוּמִיטֶה','Jiyu Ippon Kumite','自由一本組手','jiyu ippon kumite','איפון חצי-חופשי: התקפה ''חופשית'' בתוך מסגרת.',NULL,'kumite') ON CONFLICT (id) DO UPDATE SET style_id=EXCLUDED.style_id,belt_id=EXCLUDED.belt_id,term_he=EXCLUDED.term_he,term_en=EXCLUDED.term_en,term_ja=EXCLUDED.term_ja,romaji=EXCLUDED.romaji,description_md=EXCLUDED.description_md,image_url=EXCLUDED.image_url,category=EXCLUDED.category;
INSERT INTO public.terms (id,style_id,belt_id,term_he,term_en,term_ja,romaji,description_md,image_url,category) VALUES ('2104eec8-a652-50e2-9889-441cd14d7bf6'::uuid,'d84f4e1c-2959-5921-8e19-d480b15c48d2'::uuid,'89e71fda-6625-51d6-87c0-9778fcde51b7'::uuid,'ג''יו קוּמִיטֶה','Jiyu Kumite','自由組手','jiyu kumite','קרב חופשי (עם כללי בטיחות של הדוג''ו).',NULL,'kumite') ON CONFLICT (id) DO UPDATE SET style_id=EXCLUDED.style_id,belt_id=EXCLUDED.belt_id,term_he=EXCLUDED.term_he,term_en=EXCLUDED.term_en,term_ja=EXCLUDED.term_ja,romaji=EXCLUDED.romaji,description_md=EXCLUDED.description_md,image_url=EXCLUDED.image_url,category=EXCLUDED.category;
INSERT INTO public.terms (id,style_id,belt_id,term_he,term_en,term_ja,romaji,description_md,image_url,category) VALUES ('2b26eb1f-c50c-51af-8b9a-09b1eaf6c476'::uuid,'d84f4e1c-2959-5921-8e19-d480b15c48d2'::uuid,'33324d4a-43aa-5a00-a24b-04c9ed6a5c58'::uuid,'הֵייאן שוֹדאן','Heian Shodan','平安初段','heian shodan','שם קאטה במסורת שוטוקאן (JKA).',NULL,'kata') ON CONFLICT (id) DO UPDATE SET style_id=EXCLUDED.style_id,belt_id=EXCLUDED.belt_id,term_he=EXCLUDED.term_he,term_en=EXCLUDED.term_en,term_ja=EXCLUDED.term_ja,romaji=EXCLUDED.romaji,description_md=EXCLUDED.description_md,image_url=EXCLUDED.image_url,category=EXCLUDED.category;
INSERT INTO public.terms (id,style_id,belt_id,term_he,term_en,term_ja,romaji,description_md,image_url,category) VALUES ('a644768f-e7d0-5664-ac26-89dd857585ad'::uuid,'d84f4e1c-2959-5921-8e19-d480b15c48d2'::uuid,'163392dc-64fa-53b8-bdb1-710f1fa8df95'::uuid,'הֵייאן נִידאן','Heian Nidan','平安二段','heian nidan','שם קאטה במסורת שוטוקאן (JKA).',NULL,'kata') ON CONFLICT (id) DO UPDATE SET style_id=EXCLUDED.style_id,belt_id=EXCLUDED.belt_id,term_he=EXCLUDED.term_he,term_en=EXCLUDED.term_en,term_ja=EXCLUDED.term_ja,romaji=EXCLUDED.romaji,description_md=EXCLUDED.description_md,image_url=EXCLUDED.image_url,category=EXCLUDED.category;
INSERT INTO public.terms (id,style_id,belt_id,term_he,term_en,term_ja,romaji,description_md,image_url,category) VALUES ('0c6cb2a2-4094-5a93-8814-8e9218bb41e4'::uuid,'d84f4e1c-2959-5921-8e19-d480b15c48d2'::uuid,'3214cfe1-14b6-5720-b119-f8435fe04579'::uuid,'הֵייאן סאנדאן','Heian Sandan','平安三段','heian sandan','שם קאטה במסורת שוטוקאן (JKA).',NULL,'kata') ON CONFLICT (id) DO UPDATE SET style_id=EXCLUDED.style_id,belt_id=EXCLUDED.belt_id,term_he=EXCLUDED.term_he,term_en=EXCLUDED.term_en,term_ja=EXCLUDED.term_ja,romaji=EXCLUDED.romaji,description_md=EXCLUDED.description_md,image_url=EXCLUDED.image_url,category=EXCLUDED.category;
INSERT INTO public.terms (id,style_id,belt_id,term_he,term_en,term_ja,romaji,description_md,image_url,category) VALUES ('454b9de3-7dbf-5f65-b6ad-b75f760fa40f'::uuid,'d84f4e1c-2959-5921-8e19-d480b15c48d2'::uuid,'c8d85a92-697c-5a9b-b3dc-14182de5b973'::uuid,'הֵייאן יוֹנדאן','Heian Yondan','平安四段','heian yondan','שם קאטה במסורת שוטוקאן (JKA).',NULL,'kata') ON CONFLICT (id) DO UPDATE SET style_id=EXCLUDED.style_id,belt_id=EXCLUDED.belt_id,term_he=EXCLUDED.term_he,term_en=EXCLUDED.term_en,term_ja=EXCLUDED.term_ja,romaji=EXCLUDED.romaji,description_md=EXCLUDED.description_md,image_url=EXCLUDED.image_url,category=EXCLUDED.category;
INSERT INTO public.terms (id,style_id,belt_id,term_he,term_en,term_ja,romaji,description_md,image_url,category) VALUES ('f53db0c0-2e59-5aae-88f5-00f145aabe4a'::uuid,'d84f4e1c-2959-5921-8e19-d480b15c48d2'::uuid,'c891797b-5d99-5d83-9af0-e0317ae60dea'::uuid,'הֵייאן גוֹדאן','Heian Godan','平安五段','heian godan','שם קאטה במסורת שוטוקאן (JKA).',NULL,'kata') ON CONFLICT (id) DO UPDATE SET style_id=EXCLUDED.style_id,belt_id=EXCLUDED.belt_id,term_he=EXCLUDED.term_he,term_en=EXCLUDED.term_en,term_ja=EXCLUDED.term_ja,romaji=EXCLUDED.romaji,description_md=EXCLUDED.description_md,image_url=EXCLUDED.image_url,category=EXCLUDED.category;
INSERT INTO public.terms (id,style_id,belt_id,term_he,term_en,term_ja,romaji,description_md,image_url,category) VALUES ('ffe7434a-f9c1-575c-8a41-f6f4a70026e0'::uuid,'d84f4e1c-2959-5921-8e19-d480b15c48d2'::uuid,'f4503d24-1fda-5ea9-8195-d11d8f17e0c4'::uuid,'טֶקְקִי שוֹדאן','Tekki Shodan','鉄騎初段','tekki shodan','שם קאטה במסורת שוטוקאן (JKA).',NULL,'kata') ON CONFLICT (id) DO UPDATE SET style_id=EXCLUDED.style_id,belt_id=EXCLUDED.belt_id,term_he=EXCLUDED.term_he,term_en=EXCLUDED.term_en,term_ja=EXCLUDED.term_ja,romaji=EXCLUDED.romaji,description_md=EXCLUDED.description_md,image_url=EXCLUDED.image_url,category=EXCLUDED.category;
INSERT INTO public.terms (id,style_id,belt_id,term_he,term_en,term_ja,romaji,description_md,image_url,category) VALUES ('1f537789-2a10-5d61-8efc-41b2c1abdded'::uuid,'d84f4e1c-2959-5921-8e19-d480b15c48d2'::uuid,'3a028c70-c213-51bc-bb88-c60a68eb22b4'::uuid,'בָּסַאי דַאי','Bassai Dai','抜塞大','bassai dai','שם קאטה במסורת שוטוקאן (JKA).',NULL,'kata') ON CONFLICT (id) DO UPDATE SET style_id=EXCLUDED.style_id,belt_id=EXCLUDED.belt_id,term_he=EXCLUDED.term_he,term_en=EXCLUDED.term_en,term_ja=EXCLUDED.term_ja,romaji=EXCLUDED.romaji,description_md=EXCLUDED.description_md,image_url=EXCLUDED.image_url,category=EXCLUDED.category;
INSERT INTO public.terms (id,style_id,belt_id,term_he,term_en,term_ja,romaji,description_md,image_url,category) VALUES ('aa4fe11c-ac41-5922-8715-abfa79ab56dc'::uuid,'d84f4e1c-2959-5921-8e19-d480b15c48d2'::uuid,'3a028c70-c213-51bc-bb88-c60a68eb22b4'::uuid,'קַאנְקוּ דַאי','Kanku Dai','観空大','kanku dai','שם קאטה במסורת שוטוקאן (JKA).',NULL,'kata') ON CONFLICT (id) DO UPDATE SET style_id=EXCLUDED.style_id,belt_id=EXCLUDED.belt_id,term_he=EXCLUDED.term_he,term_en=EXCLUDED.term_en,term_ja=EXCLUDED.term_ja,romaji=EXCLUDED.romaji,description_md=EXCLUDED.description_md,image_url=EXCLUDED.image_url,category=EXCLUDED.category;
INSERT INTO public.terms (id,style_id,belt_id,term_he,term_en,term_ja,romaji,description_md,image_url,category) VALUES ('c97b7527-b0de-5a85-9a02-45561e2511b5'::uuid,'d84f4e1c-2959-5921-8e19-d480b15c48d2'::uuid,'3a028c70-c213-51bc-bb88-c60a68eb22b4'::uuid,'אֶנְפִּי','Enpi','燕飛','enpi','שם קאטה במסורת שוטוקאן (JKA).',NULL,'kata') ON CONFLICT (id) DO UPDATE SET style_id=EXCLUDED.style_id,belt_id=EXCLUDED.belt_id,term_he=EXCLUDED.term_he,term_en=EXCLUDED.term_en,term_ja=EXCLUDED.term_ja,romaji=EXCLUDED.romaji,description_md=EXCLUDED.description_md,image_url=EXCLUDED.image_url,category=EXCLUDED.category;
INSERT INTO public.terms (id,style_id,belt_id,term_he,term_en,term_ja,romaji,description_md,image_url,category) VALUES ('77f1188b-b986-5636-8530-2d6bb56947c9'::uuid,'d84f4e1c-2959-5921-8e19-d480b15c48d2'::uuid,'3a028c70-c213-51bc-bb88-c60a68eb22b4'::uuid,'ג''יוֹן','Jion','慈恩','jion','שם קאטה במסורת שוטוקאן (JKA).',NULL,'kata') ON CONFLICT (id) DO UPDATE SET style_id=EXCLUDED.style_id,belt_id=EXCLUDED.belt_id,term_he=EXCLUDED.term_he,term_en=EXCLUDED.term_en,term_ja=EXCLUDED.term_ja,romaji=EXCLUDED.romaji,description_md=EXCLUDED.description_md,image_url=EXCLUDED.image_url,category=EXCLUDED.category;
INSERT INTO public.terms (id,style_id,belt_id,term_he,term_en,term_ja,romaji,description_md,image_url,category) VALUES ('319d2597-62c0-5fa9-9f51-9856a7a59bed'::uuid,'d84f4e1c-2959-5921-8e19-d480b15c48d2'::uuid,'89e71fda-6625-51d6-87c0-9778fcde51b7'::uuid,'ג''יטֶה','Jitte','十手','jitte','שם קאטה במסורת שוטוקאן (JKA).',NULL,'kata') ON CONFLICT (id) DO UPDATE SET style_id=EXCLUDED.style_id,belt_id=EXCLUDED.belt_id,term_he=EXCLUDED.term_he,term_en=EXCLUDED.term_en,term_ja=EXCLUDED.term_ja,romaji=EXCLUDED.romaji,description_md=EXCLUDED.description_md,image_url=EXCLUDED.image_url,category=EXCLUDED.category;

-- Seed Japanese culture pages
INSERT INTO public.japanese_culture (id,title_he,title_en,category,content_md,image_url,display_order) VALUES ('136df1af-0801-5d4c-b967-21af8a39888b'::uuid,'מערכות הכתב ביפנית','Japanese writing systems','writing','# 3 מערכות הכתב ביפנית
**1) Hiragana (ひらがな)** – לסיומות דקדוק, מילים יפניות בסיסיות.  
**2) Katakana (カタカナ)** – למילים זרות, שמות, הדגשות.  
**3) Kanji (漢字)** – סימנים שמקורם בסינית; נושאים משמעות.

## מה ללמוד באתר
- טבלה קצרה של **היראגאנה** ו**קאטאקנה** + חידון זיהוי אותיות  
- אוצר מילים בסיסי של הדוג''ו (Rei, Sensei, Dojo, Obi…)

**מקורות מומלצים:** Japan Foundation / Britannica (קישורים בלשונית ''מקורות'').','/culture/writing.svg',1) ON CONFLICT (id) DO UPDATE SET title_he=EXCLUDED.title_he,title_en=EXCLUDED.title_en,category=EXCLUDED.category,content_md=EXCLUDED.content_md,image_url=EXCLUDED.image_url,display_order=EXCLUDED.display_order;
INSERT INTO public.japanese_culture (id,title_he,title_en,category,content_md,image_url,display_order) VALUES ('94fd35e8-41f9-5ab7-803a-06ed601da2b8'::uuid,'אתיקה ודוג''ו – כבוד לפני הכול','Dojo etiquette','etiquette','# כללי בסיס בדוג''ו
- קידה בכניסה/יציאה (Rei)
- שמירה על ניקיון (karategi מסודר, ציפורניים קצרות)
- הקשבה לסנסיי ולתלמידים בכירים
- אימון בטוח: שליטה בטכניקה, עצירה בזמן

> “Karate begins and ends with respect” (רעיון מרכזי בתרבות הקראטה).

**מקורות:** JKA; Visit Okinawa.','/culture/etiquette.svg',2) ON CONFLICT (id) DO UPDATE SET title_he=EXCLUDED.title_he,title_en=EXCLUDED.title_en,category=EXCLUDED.category,content_md=EXCLUDED.content_md,image_url=EXCLUDED.image_url,display_order=EXCLUDED.display_order;
INSERT INTO public.japanese_culture (id,title_he,title_en,category,content_md,image_url,display_order) VALUES ('024273f1-891a-5dca-af39-5233045752c3'::uuid,'לבוש – Karategi, Obi, תגים','Uniform & belt','equipment','# Karategi (空手着) ו-Obi (帯)
- **Gi**: חליפה לבנה (ז''קט + מכנס).  
- **Obi**: חגורה שמסמלת דרגה (Kyu/Dan).  
- תחזוקה: כביסה, ייבוש, קשירה נכונה.

באתר תמצא מדריך קשירת חגורה + תמונות חגורות לכל דרגה.','/culture/karategi.svg',3) ON CONFLICT (id) DO UPDATE SET title_he=EXCLUDED.title_he,title_en=EXCLUDED.title_en,category=EXCLUDED.category,content_md=EXCLUDED.content_md,image_url=EXCLUDED.image_url,display_order=EXCLUDED.display_order;
INSERT INTO public.japanese_culture (id,title_he,title_en,category,content_md,image_url,display_order) VALUES ('71919ea9-d152-55c6-a38b-5500f4ab0923'::uuid,'אוקינאווה – מקור הקראטה','Okinawa – birthplace','history','# איך הכל התחיל
הקראטה צמח באוקינאווה (Ryukyu) והושפע ממסורות מקומיות ומקשרי תרבות עם סין. לאורך הזמן נוצרו זרמים מקומיים, והידע הועבר ליפן היבשתית ומשם לעולם.

**מקורות:** Visit Okinawa; Britannica.','/culture/okinawa.svg',4) ON CONFLICT (id) DO UPDATE SET title_he=EXCLUDED.title_he,title_en=EXCLUDED.title_en,category=EXCLUDED.category,content_md=EXCLUDED.content_md,image_url=EXCLUDED.image_url,display_order=EXCLUDED.display_order;
INSERT INTO public.japanese_culture (id,title_he,title_en,category,content_md,image_url,display_order) VALUES ('c0c7c08e-8c5a-5648-afbc-3b7a19f1d9fc'::uuid,'מסורתי מול ספורטיבי','Tradition vs sport','history','# שתי מטרות – שני סטים של כללים
- **מסורתי (Budo)**: דגש על אופי, משמעת, דיוק, תרבות הדוג''ו.
- **ספורט (WKF/USA Karate וכו'')**: דגש על ניקוד, חוקים, שיפוט.

באתר תמצא תפריט שמפריד בין:  
**לימוד מסורתי לפי ארגון** ⇄ **כללי תחרות והסבר ניקוד**.','/culture/sport.svg',5) ON CONFLICT (id) DO UPDATE SET title_he=EXCLUDED.title_he,title_en=EXCLUDED.title_en,category=EXCLUDED.category,content_md=EXCLUDED.content_md,image_url=EXCLUDED.image_url,display_order=EXCLUDED.display_order;
INSERT INTO public.japanese_culture (id,title_he,title_en,category,content_md,image_url,display_order) VALUES ('074de3b7-d30c-56ea-beb1-ef3863136a12'::uuid,'יפנית לדוג''ו – ביטויים בסיסיים','Basic dojo Japanese','language','# ביטויים שימושיים
- **Ohayō gozaimasu** (おはようございます) – בוקר טוב  
- **Arigatō gozaimasu** (ありがとうございます) – תודה  
- **Onegaishimasu** (お願いします) – בבקשה/אני מבקש (לפני תרגול)  
- **Dōmo arigatō gozaimasu** – תודה רבה

נוסיף באתר אודיו בהמשך (אם תרצה).','/culture/language.svg',6) ON CONFLICT (id) DO UPDATE SET title_he=EXCLUDED.title_he,title_en=EXCLUDED.title_en,category=EXCLUDED.category,content_md=EXCLUDED.content_md,image_url=EXCLUDED.image_url,display_order=EXCLUDED.display_order;
INSERT INTO public.japanese_culture (id,title_he,title_en,category,content_md,image_url,display_order) VALUES ('cea55cc1-a89a-5bed-a5c6-b856eb23ea12'::uuid,'ספירה ביפנית (1–10)','Counting 1–10','language','# 1–10
1 ichi (いち)  
2 ni (に)  
3 san (さん)  
4 yon/shi (よん/し)  
5 go (ご)  
6 roku (ろく)  
7 nana/shichi (なな/しち)  
8 hachi (はち)  
9 kyū/ku (きゅう/く)  
10 jū (じゅう)

חידון קצר יבדוק זיהוי והגייה.','/culture/count.svg',7) ON CONFLICT (id) DO UPDATE SET title_he=EXCLUDED.title_he,title_en=EXCLUDED.title_en,category=EXCLUDED.category,content_md=EXCLUDED.content_md,image_url=EXCLUDED.image_url,display_order=EXCLUDED.display_order;
INSERT INTO public.japanese_culture (id,title_he,title_en,category,content_md,image_url,display_order) VALUES ('3def27d8-3891-57b6-978c-9e51f62c1d2f'::uuid,'קאטה בתחרות – מה בודקים','Kata scoring basics','sport','# עקרונות שיפוט בקאטה (ברמה גבוהה)
- דיוק טכני: עמידות/טכניקות/קצב
- עוצמה, יציבה ונשימה
- קו (Kime) ותזמון
- הצגת משמעות לחימה (Bunkai) ''אמינה''

**מקורות:** Olympics.com; USA Karate Rules.','/culture/kata.svg',8) ON CONFLICT (id) DO UPDATE SET title_he=EXCLUDED.title_he,title_en=EXCLUDED.title_en,category=EXCLUDED.category,content_md=EXCLUDED.content_md,image_url=EXCLUDED.image_url,display_order=EXCLUDED.display_order;

-- Seed Lessons
INSERT INTO public.lessons (id,style_id,belt_id,title,slug,category,summary,content_md,objectives,steps,cover_image_url,status,sources_json,estimated_minutes,display_order) VALUES ('c3273358-59cb-5684-a53d-8e92aa9268a3'::uuid,'d84f4e1c-2959-5921-8e19-d480b15c48d2'::uuid,'64d766b5-1214-5e2d-9a30-b607d14a26e9'::uuid,'קיהון – טכניקות חובה (10級)','shotokan-10kyu-kihon','kihon','בחר/י כל מונח במילון כדי לראות **תמונה + שם בעברית/אנגלית/יפנית**.','# קיהון לחגורה (10級)
בחר/י כל מונח במילון כדי לראות **תמונה + שם בעברית/אנגלית/יפנית**.
## רשימת טכניקות
- Hachiji-dachi
- Chudan Choku-zuki
- Jodan Age-uke
- Chudan Soto-uke
- Mae-geri

## דגשים
- יציבה (Kamae), היקי-טה, נשימה ושמירה על מרכז.
- איכות > כמות. 10 חזרות נקיות עדיף על 50 מפוזרות.',ARRAY['היכרות עם היסודות הנדרשים לדרגה זו','שיפור יציבה, קו אמצע ותזמון']::text[],ARRAY['חימום קל','תרגול בעמידה במקום','תרגול בתנועה (אם רלוונטי)','סבב תיקון טכניקה מול מראה/צילום']::text[],NULL,'published','[{"title": "JKA – Technical Manual for the Instructor (PDF)", "url": "https://www.jka.or.jp/wp/wp-content/uploads/2017/04/tech_manual_instructor.pdf", "publisher": "Japan Karate Association", "notes": "הנחיות טכניות ועקרונות אימון"}, {"title": "Glossary of Karate terminology", "url": "https://kugb.org/glossary-of-karate-terminology-used-by-the-kugb", "publisher": "KUGB"}]'::jsonb,NULL,10) ON CONFLICT (id) DO UPDATE SET style_id=EXCLUDED.style_id,belt_id=EXCLUDED.belt_id,title=EXCLUDED.title,slug=EXCLUDED.slug,category=EXCLUDED.category,summary=EXCLUDED.summary,content_md=EXCLUDED.content_md,objectives=EXCLUDED.objectives,steps=EXCLUDED.steps,cover_image_url=EXCLUDED.cover_image_url,status=EXCLUDED.status,sources_json=EXCLUDED.sources_json,estimated_minutes=EXCLUDED.estimated_minutes,display_order=EXCLUDED.display_order;
INSERT INTO public.lessons (id,style_id,belt_id,title,slug,category,summary,content_md,objectives,steps,cover_image_url,status,sources_json,estimated_minutes,display_order) VALUES ('1d250734-9a86-5256-9a81-a274c18b26dd'::uuid,'d84f4e1c-2959-5921-8e19-d480b15c48d2'::uuid,'64d766b5-1214-5e2d-9a30-b607d14a26e9'::uuid,'קאטה – דרישות (10級)','shotokan-10kyu-kata','kata','- אין קאטה חובה (בדרגות הראשונות).','# קאטה לחגורה (10級)
## קאטה לדרגה
- אין קאטה חובה (בדרגות הראשונות).

## איך ללמוד קאטה נכון
- למד/י **קטעים קצרים** (2–4 תנועות) ואז חבר/י.
- שמור/י על קו (Kime), כיוון, יציבה ורוחב עמידה קבוע.',ARRAY['לזהות את הקאטה הנדרשת לדרגה','להבין מתודולוגיה ללמידה מדויקת']::text[],ARRAY['צפייה בהדגמה איטית','פירוק לתנועות','תרגול עם ספירה','תרגול ללא ספירה בקצב טבעי']::text[],NULL,'published','[{"title": "Karate kata: history, rules and scoring", "url": "https://www.olympics.com/en/news/karate-kata-martial-arts-history-how-many-forms-meaning-rules-scoring", "publisher": "Olympics.com"}]'::jsonb,NULL,20) ON CONFLICT (id) DO UPDATE SET style_id=EXCLUDED.style_id,belt_id=EXCLUDED.belt_id,title=EXCLUDED.title,slug=EXCLUDED.slug,category=EXCLUDED.category,summary=EXCLUDED.summary,content_md=EXCLUDED.content_md,objectives=EXCLUDED.objectives,steps=EXCLUDED.steps,cover_image_url=EXCLUDED.cover_image_url,status=EXCLUDED.status,sources_json=EXCLUDED.sources_json,estimated_minutes=EXCLUDED.estimated_minutes,display_order=EXCLUDED.display_order;
INSERT INTO public.lessons (id,style_id,belt_id,title,slug,category,summary,content_md,objectives,steps,cover_image_url,status,sources_json,estimated_minutes,display_order) VALUES ('30d6d33c-99a2-54a2-abc4-22820219221b'::uuid,'d84f4e1c-2959-5921-8e19-d480b15c48d2'::uuid,'64d766b5-1214-5e2d-9a30-b607d14a26e9'::uuid,'קומיטה – דרישות (10級)','shotokan-10kyu-kumite','kumite','- בשלב זה הדגש הוא בעיקר על קיהון ועמידות.','# קומיטה לחגורה (10級)
## סוג התרגול
- בשלב זה הדגש הוא בעיקר על קיהון ועמידות.

## עקרונות בטיחות
- שליטה מלאה בטכניקה (עצירה/פגיעה מבוקרת).
- ציוד מגן לפי הדוג''ו.',ARRAY['להכיר את סוג הקומיטה הנדרש','להבין עקרונות בטיחות']::text[],ARRAY['התקפות קבועות','הגנה+נגד','חילופי תפקידים','סבב בקצב גבוה (רק אם בטוח)']::text[],NULL,'published','[{"title": "JKA – Technical Manual for the Instructor (PDF)", "url": "https://www.jka.or.jp/wp/wp-content/uploads/2017/04/tech_manual_instructor.pdf", "publisher": "Japan Karate Association", "notes": "הנחיות טכניות ועקרונות אימון"}]'::jsonb,NULL,30) ON CONFLICT (id) DO UPDATE SET style_id=EXCLUDED.style_id,belt_id=EXCLUDED.belt_id,title=EXCLUDED.title,slug=EXCLUDED.slug,category=EXCLUDED.category,summary=EXCLUDED.summary,content_md=EXCLUDED.content_md,objectives=EXCLUDED.objectives,steps=EXCLUDED.steps,cover_image_url=EXCLUDED.cover_image_url,status=EXCLUDED.status,sources_json=EXCLUDED.sources_json,estimated_minutes=EXCLUDED.estimated_minutes,display_order=EXCLUDED.display_order;
INSERT INTO public.lessons (id,style_id,belt_id,title,slug,category,summary,content_md,objectives,steps,cover_image_url,status,sources_json,estimated_minutes,display_order) VALUES ('0a6fa079-217b-589b-8798-bc11a8ae15d9'::uuid,'d84f4e1c-2959-5921-8e19-d480b15c48d2'::uuid,'64d766b5-1214-5e2d-9a30-b607d14a26e9'::uuid,'מבחן דרגה – 10級 (בדיקת ידע)','shotokan-10kyu-exam-lesson','belt_exam','מטרת המבחן: לוודא שהמושגים והבסיס הטכני **יושבים** לפני שעולים דרגה.','# מבחן דרגה (10級)
מטרת המבחן: לוודא שהמושגים והבסיס הטכני **יושבים** לפני שעולים דרגה.

**התחל מבחן:** /quiz/0e658525-cf79-5525-ba1a-288e79fee459

## מה כדאי לדעת לפני המבחן
- שמות הטכניקות בעברית/אנגלית/יפנית
- סדר התרגול הבסיסי (חימום → קיהון → קאטה/קומיטה)',ARRAY['אימות ידע תאורטי','חיזוק הבנת מושגים']::text[],ARRAY['עבר/י על שיעורי הקיהון/קאטה/קומיטה של הדרגה','פתח/י את המילון ובדוק/י מושגים שאתה לא בטוח בהם','בצע/י את המבחן']::text[],NULL,'published','[{"title": "Glossary of Karate terminology", "url": "https://kugb.org/glossary-of-karate-terminology-used-by-the-kugb", "publisher": "KUGB"}]'::jsonb,NULL,40) ON CONFLICT (id) DO UPDATE SET style_id=EXCLUDED.style_id,belt_id=EXCLUDED.belt_id,title=EXCLUDED.title,slug=EXCLUDED.slug,category=EXCLUDED.category,summary=EXCLUDED.summary,content_md=EXCLUDED.content_md,objectives=EXCLUDED.objectives,steps=EXCLUDED.steps,cover_image_url=EXCLUDED.cover_image_url,status=EXCLUDED.status,sources_json=EXCLUDED.sources_json,estimated_minutes=EXCLUDED.estimated_minutes,display_order=EXCLUDED.display_order;
INSERT INTO public.lessons (id,style_id,belt_id,title,slug,category,summary,content_md,objectives,steps,cover_image_url,status,sources_json,estimated_minutes,display_order) VALUES ('aeb141d4-9863-5d68-b2dd-ecd5ba899e28'::uuid,'d84f4e1c-2959-5921-8e19-d480b15c48d2'::uuid,'33324d4a-43aa-5a00-a24b-04c9ed6a5c58'::uuid,'קיהון – טכניקות חובה (9級)','shotokan-9kyu-kihon','kihon','בחר/י כל מונח במילון כדי לראות **תמונה + שם בעברית/אנגלית/יפנית**.','# קיהון לחגורה (9級)
בחר/י כל מונח במילון כדי לראות **תמונה + שם בעברית/אנגלית/יפנית**.
## רשימת טכניקות
- Zenkutsu-dachi
- Chudan Jun-zuki
- Gedan-barai
- Jodan Age-uke
- Chudan Soto-uke
- Mae-geri
- Yoko-geri Keage

## דגשים
- יציבה (Kamae), היקי-טה, נשימה ושמירה על מרכז.
- איכות > כמות. 10 חזרות נקיות עדיף על 50 מפוזרות.',ARRAY['היכרות עם היסודות הנדרשים לדרגה זו','שיפור יציבה, קו אמצע ותזמון']::text[],ARRAY['חימום קל','תרגול בעמידה במקום','תרגול בתנועה (אם רלוונטי)','סבב תיקון טכניקה מול מראה/צילום']::text[],NULL,'published','[{"title": "JKA – Technical Manual for the Instructor (PDF)", "url": "https://www.jka.or.jp/wp/wp-content/uploads/2017/04/tech_manual_instructor.pdf", "publisher": "Japan Karate Association", "notes": "הנחיות טכניות ועקרונות אימון"}, {"title": "Glossary of Karate terminology", "url": "https://kugb.org/glossary-of-karate-terminology-used-by-the-kugb", "publisher": "KUGB"}]'::jsonb,NULL,10) ON CONFLICT (id) DO UPDATE SET style_id=EXCLUDED.style_id,belt_id=EXCLUDED.belt_id,title=EXCLUDED.title,slug=EXCLUDED.slug,category=EXCLUDED.category,summary=EXCLUDED.summary,content_md=EXCLUDED.content_md,objectives=EXCLUDED.objectives,steps=EXCLUDED.steps,cover_image_url=EXCLUDED.cover_image_url,status=EXCLUDED.status,sources_json=EXCLUDED.sources_json,estimated_minutes=EXCLUDED.estimated_minutes,display_order=EXCLUDED.display_order;
INSERT INTO public.lessons (id,style_id,belt_id,title,slug,category,summary,content_md,objectives,steps,cover_image_url,status,sources_json,estimated_minutes,display_order) VALUES ('a8600de0-03cc-5f7c-80c2-f0e412b4b20a'::uuid,'d84f4e1c-2959-5921-8e19-d480b15c48d2'::uuid,'33324d4a-43aa-5a00-a24b-04c9ed6a5c58'::uuid,'קאטה – דרישות (9級)','shotokan-9kyu-kata','kata','- אין קאטה חובה (בדרגות הראשונות).','# קאטה לחגורה (9級)
## קאטה לדרגה
- אין קאטה חובה (בדרגות הראשונות).

## איך ללמוד קאטה נכון
- למד/י **קטעים קצרים** (2–4 תנועות) ואז חבר/י.
- שמור/י על קו (Kime), כיוון, יציבה ורוחב עמידה קבוע.',ARRAY['לזהות את הקאטה הנדרשת לדרגה','להבין מתודולוגיה ללמידה מדויקת']::text[],ARRAY['צפייה בהדגמה איטית','פירוק לתנועות','תרגול עם ספירה','תרגול ללא ספירה בקצב טבעי']::text[],NULL,'published','[{"title": "Karate kata: history, rules and scoring", "url": "https://www.olympics.com/en/news/karate-kata-martial-arts-history-how-many-forms-meaning-rules-scoring", "publisher": "Olympics.com"}]'::jsonb,NULL,20) ON CONFLICT (id) DO UPDATE SET style_id=EXCLUDED.style_id,belt_id=EXCLUDED.belt_id,title=EXCLUDED.title,slug=EXCLUDED.slug,category=EXCLUDED.category,summary=EXCLUDED.summary,content_md=EXCLUDED.content_md,objectives=EXCLUDED.objectives,steps=EXCLUDED.steps,cover_image_url=EXCLUDED.cover_image_url,status=EXCLUDED.status,sources_json=EXCLUDED.sources_json,estimated_minutes=EXCLUDED.estimated_minutes,display_order=EXCLUDED.display_order;
INSERT INTO public.lessons (id,style_id,belt_id,title,slug,category,summary,content_md,objectives,steps,cover_image_url,status,sources_json,estimated_minutes,display_order) VALUES ('1668a953-f255-5108-9766-de54b68a8226'::uuid,'d84f4e1c-2959-5921-8e19-d480b15c48d2'::uuid,'33324d4a-43aa-5a00-a24b-04c9ed6a5c58'::uuid,'קומיטה – דרישות (9級)','shotokan-9kyu-kumite','kumite','- Gohon Kumite','# קומיטה לחגורה (9級)
## סוג התרגול
- Gohon Kumite

## עקרונות בטיחות
- שליטה מלאה בטכניקה (עצירה/פגיעה מבוקרת).
- ציוד מגן לפי הדוג''ו.',ARRAY['להכיר את סוג הקומיטה הנדרש','להבין עקרונות בטיחות']::text[],ARRAY['התקפות קבועות','הגנה+נגד','חילופי תפקידים','סבב בקצב גבוה (רק אם בטוח)']::text[],NULL,'published','[{"title": "JKA – Technical Manual for the Instructor (PDF)", "url": "https://www.jka.or.jp/wp/wp-content/uploads/2017/04/tech_manual_instructor.pdf", "publisher": "Japan Karate Association", "notes": "הנחיות טכניות ועקרונות אימון"}]'::jsonb,NULL,30) ON CONFLICT (id) DO UPDATE SET style_id=EXCLUDED.style_id,belt_id=EXCLUDED.belt_id,title=EXCLUDED.title,slug=EXCLUDED.slug,category=EXCLUDED.category,summary=EXCLUDED.summary,content_md=EXCLUDED.content_md,objectives=EXCLUDED.objectives,steps=EXCLUDED.steps,cover_image_url=EXCLUDED.cover_image_url,status=EXCLUDED.status,sources_json=EXCLUDED.sources_json,estimated_minutes=EXCLUDED.estimated_minutes,display_order=EXCLUDED.display_order;
INSERT INTO public.lessons (id,style_id,belt_id,title,slug,category,summary,content_md,objectives,steps,cover_image_url,status,sources_json,estimated_minutes,display_order) VALUES ('da99a364-cb58-5f0c-9473-0e4e46524157'::uuid,'d84f4e1c-2959-5921-8e19-d480b15c48d2'::uuid,'33324d4a-43aa-5a00-a24b-04c9ed6a5c58'::uuid,'מבחן דרגה – 9級 (בדיקת ידע)','shotokan-9kyu-exam-lesson','belt_exam','מטרת המבחן: לוודא שהמושגים והבסיס הטכני **יושבים** לפני שעולים דרגה.','# מבחן דרגה (9級)
מטרת המבחן: לוודא שהמושגים והבסיס הטכני **יושבים** לפני שעולים דרגה.

**התחל מבחן:** /quiz/0d7b0c4c-f74f-524a-b22f-be35d7193884

## מה כדאי לדעת לפני המבחן
- שמות הטכניקות בעברית/אנגלית/יפנית
- סדר התרגול הבסיסי (חימום → קיהון → קאטה/קומיטה)',ARRAY['אימות ידע תאורטי','חיזוק הבנת מושגים']::text[],ARRAY['עבר/י על שיעורי הקיהון/קאטה/קומיטה של הדרגה','פתח/י את המילון ובדוק/י מושגים שאתה לא בטוח בהם','בצע/י את המבחן']::text[],NULL,'published','[{"title": "Glossary of Karate terminology", "url": "https://kugb.org/glossary-of-karate-terminology-used-by-the-kugb", "publisher": "KUGB"}]'::jsonb,NULL,40) ON CONFLICT (id) DO UPDATE SET style_id=EXCLUDED.style_id,belt_id=EXCLUDED.belt_id,title=EXCLUDED.title,slug=EXCLUDED.slug,category=EXCLUDED.category,summary=EXCLUDED.summary,content_md=EXCLUDED.content_md,objectives=EXCLUDED.objectives,steps=EXCLUDED.steps,cover_image_url=EXCLUDED.cover_image_url,status=EXCLUDED.status,sources_json=EXCLUDED.sources_json,estimated_minutes=EXCLUDED.estimated_minutes,display_order=EXCLUDED.display_order;
INSERT INTO public.lessons (id,style_id,belt_id,title,slug,category,summary,content_md,objectives,steps,cover_image_url,status,sources_json,estimated_minutes,display_order) VALUES ('2da60b30-43bb-51a9-a8d0-17da10eeeba4'::uuid,'d84f4e1c-2959-5921-8e19-d480b15c48d2'::uuid,'163392dc-64fa-53b8-bdb1-710f1fa8df95'::uuid,'קיהון – טכניקות חובה (8級)','shotokan-8kyu-kihon','kihon','בחר/י כל מונח במילון כדי לראות **תמונה + שם בעברית/אנגלית/יפנית**.','# קיהון לחגורה (8級)
בחר/י כל מונח במילון כדי לראות **תמונה + שם בעברית/אנגלית/יפנית**.
## רשימת טכניקות
- Kokutsu-dachi
- Chudan Jun-zuki
- Chudan Gyaku-zuki
- Chudan Uchi-uke
- Chudan Soto-uke
- Mae-geri
- Yoko-geri Keage

## דגשים
- יציבה (Kamae), היקי-טה, נשימה ושמירה על מרכז.
- איכות > כמות. 10 חזרות נקיות עדיף על 50 מפוזרות.',ARRAY['היכרות עם היסודות הנדרשים לדרגה זו','שיפור יציבה, קו אמצע ותזמון']::text[],ARRAY['חימום קל','תרגול בעמידה במקום','תרגול בתנועה (אם רלוונטי)','סבב תיקון טכניקה מול מראה/צילום']::text[],NULL,'published','[{"title": "JKA – Technical Manual for the Instructor (PDF)", "url": "https://www.jka.or.jp/wp/wp-content/uploads/2017/04/tech_manual_instructor.pdf", "publisher": "Japan Karate Association", "notes": "הנחיות טכניות ועקרונות אימון"}, {"title": "Glossary of Karate terminology", "url": "https://kugb.org/glossary-of-karate-terminology-used-by-the-kugb", "publisher": "KUGB"}]'::jsonb,NULL,10) ON CONFLICT (id) DO UPDATE SET style_id=EXCLUDED.style_id,belt_id=EXCLUDED.belt_id,title=EXCLUDED.title,slug=EXCLUDED.slug,category=EXCLUDED.category,summary=EXCLUDED.summary,content_md=EXCLUDED.content_md,objectives=EXCLUDED.objectives,steps=EXCLUDED.steps,cover_image_url=EXCLUDED.cover_image_url,status=EXCLUDED.status,sources_json=EXCLUDED.sources_json,estimated_minutes=EXCLUDED.estimated_minutes,display_order=EXCLUDED.display_order;
INSERT INTO public.lessons (id,style_id,belt_id,title,slug,category,summary,content_md,objectives,steps,cover_image_url,status,sources_json,estimated_minutes,display_order) VALUES ('e45530d3-e0e8-5cb1-a800-4a5a90d3cddc'::uuid,'d84f4e1c-2959-5921-8e19-d480b15c48d2'::uuid,'163392dc-64fa-53b8-bdb1-710f1fa8df95'::uuid,'קאטה – דרישות (8級)','shotokan-8kyu-kata','kata','- Heian Shodan','# קאטה לחגורה (8級)
## קאטה לדרגה
- Heian Shodan

## איך ללמוד קאטה נכון
- למד/י **קטעים קצרים** (2–4 תנועות) ואז חבר/י.
- שמור/י על קו (Kime), כיוון, יציבה ורוחב עמידה קבוע.',ARRAY['לזהות את הקאטה הנדרשת לדרגה','להבין מתודולוגיה ללמידה מדויקת']::text[],ARRAY['צפייה בהדגמה איטית','פירוק לתנועות','תרגול עם ספירה','תרגול ללא ספירה בקצב טבעי']::text[],NULL,'published','[{"title": "Karate kata: history, rules and scoring", "url": "https://www.olympics.com/en/news/karate-kata-martial-arts-history-how-many-forms-meaning-rules-scoring", "publisher": "Olympics.com"}]'::jsonb,NULL,20) ON CONFLICT (id) DO UPDATE SET style_id=EXCLUDED.style_id,belt_id=EXCLUDED.belt_id,title=EXCLUDED.title,slug=EXCLUDED.slug,category=EXCLUDED.category,summary=EXCLUDED.summary,content_md=EXCLUDED.content_md,objectives=EXCLUDED.objectives,steps=EXCLUDED.steps,cover_image_url=EXCLUDED.cover_image_url,status=EXCLUDED.status,sources_json=EXCLUDED.sources_json,estimated_minutes=EXCLUDED.estimated_minutes,display_order=EXCLUDED.display_order;
INSERT INTO public.lessons (id,style_id,belt_id,title,slug,category,summary,content_md,objectives,steps,cover_image_url,status,sources_json,estimated_minutes,display_order) VALUES ('71030415-0b61-5dec-b4cd-613591e115b9'::uuid,'d84f4e1c-2959-5921-8e19-d480b15c48d2'::uuid,'163392dc-64fa-53b8-bdb1-710f1fa8df95'::uuid,'קומיטה – דרישות (8級)','shotokan-8kyu-kumite','kumite','- Sanbon Kumite','# קומיטה לחגורה (8級)
## סוג התרגול
- Sanbon Kumite

## עקרונות בטיחות
- שליטה מלאה בטכניקה (עצירה/פגיעה מבוקרת).
- ציוד מגן לפי הדוג''ו.',ARRAY['להכיר את סוג הקומיטה הנדרש','להבין עקרונות בטיחות']::text[],ARRAY['התקפות קבועות','הגנה+נגד','חילופי תפקידים','סבב בקצב גבוה (רק אם בטוח)']::text[],NULL,'published','[{"title": "JKA – Technical Manual for the Instructor (PDF)", "url": "https://www.jka.or.jp/wp/wp-content/uploads/2017/04/tech_manual_instructor.pdf", "publisher": "Japan Karate Association", "notes": "הנחיות טכניות ועקרונות אימון"}]'::jsonb,NULL,30) ON CONFLICT (id) DO UPDATE SET style_id=EXCLUDED.style_id,belt_id=EXCLUDED.belt_id,title=EXCLUDED.title,slug=EXCLUDED.slug,category=EXCLUDED.category,summary=EXCLUDED.summary,content_md=EXCLUDED.content_md,objectives=EXCLUDED.objectives,steps=EXCLUDED.steps,cover_image_url=EXCLUDED.cover_image_url,status=EXCLUDED.status,sources_json=EXCLUDED.sources_json,estimated_minutes=EXCLUDED.estimated_minutes,display_order=EXCLUDED.display_order;
INSERT INTO public.lessons (id,style_id,belt_id,title,slug,category,summary,content_md,objectives,steps,cover_image_url,status,sources_json,estimated_minutes,display_order) VALUES ('769efbff-ce7c-5b5a-a2dd-783e66a8bb61'::uuid,'d84f4e1c-2959-5921-8e19-d480b15c48d2'::uuid,'163392dc-64fa-53b8-bdb1-710f1fa8df95'::uuid,'מבחן דרגה – 8級 (בדיקת ידע)','shotokan-8kyu-exam-lesson','belt_exam','מטרת המבחן: לוודא שהמושגים והבסיס הטכני **יושבים** לפני שעולים דרגה.','# מבחן דרגה (8級)
מטרת המבחן: לוודא שהמושגים והבסיס הטכני **יושבים** לפני שעולים דרגה.

**התחל מבחן:** /quiz/fbb1e019-3aff-56d5-ae76-7c0d7292ee7a

## מה כדאי לדעת לפני המבחן
- שמות הטכניקות בעברית/אנגלית/יפנית
- סדר התרגול הבסיסי (חימום → קיהון → קאטה/קומיטה)',ARRAY['אימות ידע תאורטי','חיזוק הבנת מושגים']::text[],ARRAY['עבר/י על שיעורי הקיהון/קאטה/קומיטה של הדרגה','פתח/י את המילון ובדוק/י מושגים שאתה לא בטוח בהם','בצע/י את המבחן']::text[],NULL,'published','[{"title": "Glossary of Karate terminology", "url": "https://kugb.org/glossary-of-karate-terminology-used-by-the-kugb", "publisher": "KUGB"}]'::jsonb,NULL,40) ON CONFLICT (id) DO UPDATE SET style_id=EXCLUDED.style_id,belt_id=EXCLUDED.belt_id,title=EXCLUDED.title,slug=EXCLUDED.slug,category=EXCLUDED.category,summary=EXCLUDED.summary,content_md=EXCLUDED.content_md,objectives=EXCLUDED.objectives,steps=EXCLUDED.steps,cover_image_url=EXCLUDED.cover_image_url,status=EXCLUDED.status,sources_json=EXCLUDED.sources_json,estimated_minutes=EXCLUDED.estimated_minutes,display_order=EXCLUDED.display_order;
INSERT INTO public.lessons (id,style_id,belt_id,title,slug,category,summary,content_md,objectives,steps,cover_image_url,status,sources_json,estimated_minutes,display_order) VALUES ('285b45ae-4525-5fa2-8b21-e82854724d9e'::uuid,'d84f4e1c-2959-5921-8e19-d480b15c48d2'::uuid,'3214cfe1-14b6-5720-b119-f8435fe04579'::uuid,'קיהון – טכניקות חובה (7級)','shotokan-7kyu-kihon','kihon','בחר/י כל מונח במילון כדי לראות **תמונה + שם בעברית/אנגלית/יפנית**.','# קיהון לחגורה (7級)
בחר/י כל מונח במילון כדי לראות **תמונה + שם בעברית/אנגלית/יפנית**.
## רשימת טכניקות
- Kiba-dachi
- Sanbon Renzuki
- Gedan-barai
- Chudan Soto-uke
- Chudan Uchi-uke
- Mae-geri

## דגשים
- יציבה (Kamae), היקי-טה, נשימה ושמירה על מרכז.
- איכות > כמות. 10 חזרות נקיות עדיף על 50 מפוזרות.',ARRAY['היכרות עם היסודות הנדרשים לדרגה זו','שיפור יציבה, קו אמצע ותזמון']::text[],ARRAY['חימום קל','תרגול בעמידה במקום','תרגול בתנועה (אם רלוונטי)','סבב תיקון טכניקה מול מראה/צילום']::text[],NULL,'published','[{"title": "JKA – Technical Manual for the Instructor (PDF)", "url": "https://www.jka.or.jp/wp/wp-content/uploads/2017/04/tech_manual_instructor.pdf", "publisher": "Japan Karate Association", "notes": "הנחיות טכניות ועקרונות אימון"}, {"title": "Glossary of Karate terminology", "url": "https://kugb.org/glossary-of-karate-terminology-used-by-the-kugb", "publisher": "KUGB"}]'::jsonb,NULL,10) ON CONFLICT (id) DO UPDATE SET style_id=EXCLUDED.style_id,belt_id=EXCLUDED.belt_id,title=EXCLUDED.title,slug=EXCLUDED.slug,category=EXCLUDED.category,summary=EXCLUDED.summary,content_md=EXCLUDED.content_md,objectives=EXCLUDED.objectives,steps=EXCLUDED.steps,cover_image_url=EXCLUDED.cover_image_url,status=EXCLUDED.status,sources_json=EXCLUDED.sources_json,estimated_minutes=EXCLUDED.estimated_minutes,display_order=EXCLUDED.display_order;
INSERT INTO public.lessons (id,style_id,belt_id,title,slug,category,summary,content_md,objectives,steps,cover_image_url,status,sources_json,estimated_minutes,display_order) VALUES ('24a8d053-2d20-524a-9a15-b051dd24aeed'::uuid,'d84f4e1c-2959-5921-8e19-d480b15c48d2'::uuid,'3214cfe1-14b6-5720-b119-f8435fe04579'::uuid,'קאטה – דרישות (7級)','shotokan-7kyu-kata','kata','- Heian Nidan','# קאטה לחגורה (7級)
## קאטה לדרגה
- Heian Nidan

## איך ללמוד קאטה נכון
- למד/י **קטעים קצרים** (2–4 תנועות) ואז חבר/י.
- שמור/י על קו (Kime), כיוון, יציבה ורוחב עמידה קבוע.',ARRAY['לזהות את הקאטה הנדרשת לדרגה','להבין מתודולוגיה ללמידה מדויקת']::text[],ARRAY['צפייה בהדגמה איטית','פירוק לתנועות','תרגול עם ספירה','תרגול ללא ספירה בקצב טבעי']::text[],NULL,'published','[{"title": "Karate kata: history, rules and scoring", "url": "https://www.olympics.com/en/news/karate-kata-martial-arts-history-how-many-forms-meaning-rules-scoring", "publisher": "Olympics.com"}]'::jsonb,NULL,20) ON CONFLICT (id) DO UPDATE SET style_id=EXCLUDED.style_id,belt_id=EXCLUDED.belt_id,title=EXCLUDED.title,slug=EXCLUDED.slug,category=EXCLUDED.category,summary=EXCLUDED.summary,content_md=EXCLUDED.content_md,objectives=EXCLUDED.objectives,steps=EXCLUDED.steps,cover_image_url=EXCLUDED.cover_image_url,status=EXCLUDED.status,sources_json=EXCLUDED.sources_json,estimated_minutes=EXCLUDED.estimated_minutes,display_order=EXCLUDED.display_order;
INSERT INTO public.lessons (id,style_id,belt_id,title,slug,category,summary,content_md,objectives,steps,cover_image_url,status,sources_json,estimated_minutes,display_order) VALUES ('0c9d25d1-c1a6-5a87-8306-4609d7590f19'::uuid,'d84f4e1c-2959-5921-8e19-d480b15c48d2'::uuid,'3214cfe1-14b6-5720-b119-f8435fe04579'::uuid,'קומיטה – דרישות (7級)','shotokan-7kyu-kumite','kumite','- Kihon Ippon Kumite','# קומיטה לחגורה (7級)
## סוג התרגול
- Kihon Ippon Kumite

## עקרונות בטיחות
- שליטה מלאה בטכניקה (עצירה/פגיעה מבוקרת).
- ציוד מגן לפי הדוג''ו.',ARRAY['להכיר את סוג הקומיטה הנדרש','להבין עקרונות בטיחות']::text[],ARRAY['התקפות קבועות','הגנה+נגד','חילופי תפקידים','סבב בקצב גבוה (רק אם בטוח)']::text[],NULL,'published','[{"title": "JKA – Technical Manual for the Instructor (PDF)", "url": "https://www.jka.or.jp/wp/wp-content/uploads/2017/04/tech_manual_instructor.pdf", "publisher": "Japan Karate Association", "notes": "הנחיות טכניות ועקרונות אימון"}]'::jsonb,NULL,30) ON CONFLICT (id) DO UPDATE SET style_id=EXCLUDED.style_id,belt_id=EXCLUDED.belt_id,title=EXCLUDED.title,slug=EXCLUDED.slug,category=EXCLUDED.category,summary=EXCLUDED.summary,content_md=EXCLUDED.content_md,objectives=EXCLUDED.objectives,steps=EXCLUDED.steps,cover_image_url=EXCLUDED.cover_image_url,status=EXCLUDED.status,sources_json=EXCLUDED.sources_json,estimated_minutes=EXCLUDED.estimated_minutes,display_order=EXCLUDED.display_order;
INSERT INTO public.lessons (id,style_id,belt_id,title,slug,category,summary,content_md,objectives,steps,cover_image_url,status,sources_json,estimated_minutes,display_order) VALUES ('e6f67e98-04a1-59db-a8c2-488e7be83651'::uuid,'d84f4e1c-2959-5921-8e19-d480b15c48d2'::uuid,'3214cfe1-14b6-5720-b119-f8435fe04579'::uuid,'מבחן דרגה – 7級 (בדיקת ידע)','shotokan-7kyu-exam-lesson','belt_exam','מטרת המבחן: לוודא שהמושגים והבסיס הטכני **יושבים** לפני שעולים דרגה.','# מבחן דרגה (7級)
מטרת המבחן: לוודא שהמושגים והבסיס הטכני **יושבים** לפני שעולים דרגה.

**התחל מבחן:** /quiz/5a8cbaf9-7b8a-55ec-abc5-2c598f9d02f4

## מה כדאי לדעת לפני המבחן
- שמות הטכניקות בעברית/אנגלית/יפנית
- סדר התרגול הבסיסי (חימום → קיהון → קאטה/קומיטה)',ARRAY['אימות ידע תאורטי','חיזוק הבנת מושגים']::text[],ARRAY['עבר/י על שיעורי הקיהון/קאטה/קומיטה של הדרגה','פתח/י את המילון ובדוק/י מושגים שאתה לא בטוח בהם','בצע/י את המבחן']::text[],NULL,'published','[{"title": "Glossary of Karate terminology", "url": "https://kugb.org/glossary-of-karate-terminology-used-by-the-kugb", "publisher": "KUGB"}]'::jsonb,NULL,40) ON CONFLICT (id) DO UPDATE SET style_id=EXCLUDED.style_id,belt_id=EXCLUDED.belt_id,title=EXCLUDED.title,slug=EXCLUDED.slug,category=EXCLUDED.category,summary=EXCLUDED.summary,content_md=EXCLUDED.content_md,objectives=EXCLUDED.objectives,steps=EXCLUDED.steps,cover_image_url=EXCLUDED.cover_image_url,status=EXCLUDED.status,sources_json=EXCLUDED.sources_json,estimated_minutes=EXCLUDED.estimated_minutes,display_order=EXCLUDED.display_order;
INSERT INTO public.lessons (id,style_id,belt_id,title,slug,category,summary,content_md,objectives,steps,cover_image_url,status,sources_json,estimated_minutes,display_order) VALUES ('7f37a244-7b3f-5ac4-9d86-ab1ae70f2864'::uuid,'d84f4e1c-2959-5921-8e19-d480b15c48d2'::uuid,'c8d85a92-697c-5a9b-b3dc-14182de5b973'::uuid,'קיהון – טכניקות חובה (6級)','shotokan-6kyu-kihon','kihon','בחר/י כל מונח במילון כדי לראות **תמונה + שם בעברית/אנגלית/יפנית**.','# קיהון לחגורה (6級)
בחר/י כל מונח במילון כדי לראות **תמונה + שם בעברית/אנגלית/יפנית**.
## רשימת טכניקות
- Kokutsu Shuto-uke
- Chudan Gyaku-zuki
- Mae-geri
- Yoko-geri Kekomi

## דגשים
- יציבה (Kamae), היקי-טה, נשימה ושמירה על מרכז.
- איכות > כמות. 10 חזרות נקיות עדיף על 50 מפוזרות.',ARRAY['היכרות עם היסודות הנדרשים לדרגה זו','שיפור יציבה, קו אמצע ותזמון']::text[],ARRAY['חימום קל','תרגול בעמידה במקום','תרגול בתנועה (אם רלוונטי)','סבב תיקון טכניקה מול מראה/צילום']::text[],NULL,'published','[{"title": "JKA – Technical Manual for the Instructor (PDF)", "url": "https://www.jka.or.jp/wp/wp-content/uploads/2017/04/tech_manual_instructor.pdf", "publisher": "Japan Karate Association", "notes": "הנחיות טכניות ועקרונות אימון"}, {"title": "Glossary of Karate terminology", "url": "https://kugb.org/glossary-of-karate-terminology-used-by-the-kugb", "publisher": "KUGB"}]'::jsonb,NULL,10) ON CONFLICT (id) DO UPDATE SET style_id=EXCLUDED.style_id,belt_id=EXCLUDED.belt_id,title=EXCLUDED.title,slug=EXCLUDED.slug,category=EXCLUDED.category,summary=EXCLUDED.summary,content_md=EXCLUDED.content_md,objectives=EXCLUDED.objectives,steps=EXCLUDED.steps,cover_image_url=EXCLUDED.cover_image_url,status=EXCLUDED.status,sources_json=EXCLUDED.sources_json,estimated_minutes=EXCLUDED.estimated_minutes,display_order=EXCLUDED.display_order;
INSERT INTO public.lessons (id,style_id,belt_id,title,slug,category,summary,content_md,objectives,steps,cover_image_url,status,sources_json,estimated_minutes,display_order) VALUES ('996a17bc-0027-5940-bf6b-5443922468bf'::uuid,'d84f4e1c-2959-5921-8e19-d480b15c48d2'::uuid,'c8d85a92-697c-5a9b-b3dc-14182de5b973'::uuid,'קאטה – דרישות (6級)','shotokan-6kyu-kata','kata','- Heian Sandan','# קאטה לחגורה (6級)
## קאטה לדרגה
- Heian Sandan

## איך ללמוד קאטה נכון
- למד/י **קטעים קצרים** (2–4 תנועות) ואז חבר/י.
- שמור/י על קו (Kime), כיוון, יציבה ורוחב עמידה קבוע.',ARRAY['לזהות את הקאטה הנדרשת לדרגה','להבין מתודולוגיה ללמידה מדויקת']::text[],ARRAY['צפייה בהדגמה איטית','פירוק לתנועות','תרגול עם ספירה','תרגול ללא ספירה בקצב טבעי']::text[],NULL,'published','[{"title": "Karate kata: history, rules and scoring", "url": "https://www.olympics.com/en/news/karate-kata-martial-arts-history-how-many-forms-meaning-rules-scoring", "publisher": "Olympics.com"}]'::jsonb,NULL,20) ON CONFLICT (id) DO UPDATE SET style_id=EXCLUDED.style_id,belt_id=EXCLUDED.belt_id,title=EXCLUDED.title,slug=EXCLUDED.slug,category=EXCLUDED.category,summary=EXCLUDED.summary,content_md=EXCLUDED.content_md,objectives=EXCLUDED.objectives,steps=EXCLUDED.steps,cover_image_url=EXCLUDED.cover_image_url,status=EXCLUDED.status,sources_json=EXCLUDED.sources_json,estimated_minutes=EXCLUDED.estimated_minutes,display_order=EXCLUDED.display_order;
INSERT INTO public.lessons (id,style_id,belt_id,title,slug,category,summary,content_md,objectives,steps,cover_image_url,status,sources_json,estimated_minutes,display_order) VALUES ('fe0300d4-6551-5399-86da-3d0b8b6fa2cf'::uuid,'d84f4e1c-2959-5921-8e19-d480b15c48d2'::uuid,'c8d85a92-697c-5a9b-b3dc-14182de5b973'::uuid,'קומיטה – דרישות (6級)','shotokan-6kyu-kumite','kumite','- Kihon Ippon Kumite','# קומיטה לחגורה (6級)
## סוג התרגול
- Kihon Ippon Kumite

## עקרונות בטיחות
- שליטה מלאה בטכניקה (עצירה/פגיעה מבוקרת).
- ציוד מגן לפי הדוג''ו.',ARRAY['להכיר את סוג הקומיטה הנדרש','להבין עקרונות בטיחות']::text[],ARRAY['התקפות קבועות','הגנה+נגד','חילופי תפקידים','סבב בקצב גבוה (רק אם בטוח)']::text[],NULL,'published','[{"title": "JKA – Technical Manual for the Instructor (PDF)", "url": "https://www.jka.or.jp/wp/wp-content/uploads/2017/04/tech_manual_instructor.pdf", "publisher": "Japan Karate Association", "notes": "הנחיות טכניות ועקרונות אימון"}]'::jsonb,NULL,30) ON CONFLICT (id) DO UPDATE SET style_id=EXCLUDED.style_id,belt_id=EXCLUDED.belt_id,title=EXCLUDED.title,slug=EXCLUDED.slug,category=EXCLUDED.category,summary=EXCLUDED.summary,content_md=EXCLUDED.content_md,objectives=EXCLUDED.objectives,steps=EXCLUDED.steps,cover_image_url=EXCLUDED.cover_image_url,status=EXCLUDED.status,sources_json=EXCLUDED.sources_json,estimated_minutes=EXCLUDED.estimated_minutes,display_order=EXCLUDED.display_order;
INSERT INTO public.lessons (id,style_id,belt_id,title,slug,category,summary,content_md,objectives,steps,cover_image_url,status,sources_json,estimated_minutes,display_order) VALUES ('a827fd76-b502-5f85-ad2b-53218e669024'::uuid,'d84f4e1c-2959-5921-8e19-d480b15c48d2'::uuid,'c8d85a92-697c-5a9b-b3dc-14182de5b973'::uuid,'מבחן דרגה – 6級 (בדיקת ידע)','shotokan-6kyu-exam-lesson','belt_exam','מטרת המבחן: לוודא שהמושגים והבסיס הטכני **יושבים** לפני שעולים דרגה.','# מבחן דרגה (6級)
מטרת המבחן: לוודא שהמושגים והבסיס הטכני **יושבים** לפני שעולים דרגה.

**התחל מבחן:** /quiz/9b1fa1c5-542c-57fa-bbb8-54820d971aa5

## מה כדאי לדעת לפני המבחן
- שמות הטכניקות בעברית/אנגלית/יפנית
- סדר התרגול הבסיסי (חימום → קיהון → קאטה/קומיטה)',ARRAY['אימות ידע תאורטי','חיזוק הבנת מושגים']::text[],ARRAY['עבר/י על שיעורי הקיהון/קאטה/קומיטה של הדרגה','פתח/י את המילון ובדוק/י מושגים שאתה לא בטוח בהם','בצע/י את המבחן']::text[],NULL,'published','[{"title": "Glossary of Karate terminology", "url": "https://kugb.org/glossary-of-karate-terminology-used-by-the-kugb", "publisher": "KUGB"}]'::jsonb,NULL,40) ON CONFLICT (id) DO UPDATE SET style_id=EXCLUDED.style_id,belt_id=EXCLUDED.belt_id,title=EXCLUDED.title,slug=EXCLUDED.slug,category=EXCLUDED.category,summary=EXCLUDED.summary,content_md=EXCLUDED.content_md,objectives=EXCLUDED.objectives,steps=EXCLUDED.steps,cover_image_url=EXCLUDED.cover_image_url,status=EXCLUDED.status,sources_json=EXCLUDED.sources_json,estimated_minutes=EXCLUDED.estimated_minutes,display_order=EXCLUDED.display_order;
INSERT INTO public.lessons (id,style_id,belt_id,title,slug,category,summary,content_md,objectives,steps,cover_image_url,status,sources_json,estimated_minutes,display_order) VALUES ('c6fbf631-fb46-5957-a34b-dc6bcc3efc6e'::uuid,'d84f4e1c-2959-5921-8e19-d480b15c48d2'::uuid,'c891797b-5d99-5d83-9af0-e0317ae60dea'::uuid,'קיהון – טכניקות חובה (5級)','shotokan-5kyu-kihon','kihon','בחר/י כל מונח במילון כדי לראות **תמונה + שם בעברית/אנגלית/יפנית**.','# קיהון לחגורה (5級)
בחר/י כל מונח במילון כדי לראות **תמונה + שם בעברית/אנגלית/יפנית**.
## רשימת טכניקות
- Mawashi-geri
- Chudan Gyaku-zuki
- Gedan-barai
- Jodan Age-uke

## דגשים
- יציבה (Kamae), היקי-טה, נשימה ושמירה על מרכז.
- איכות > כמות. 10 חזרות נקיות עדיף על 50 מפוזרות.',ARRAY['היכרות עם היסודות הנדרשים לדרגה זו','שיפור יציבה, קו אמצע ותזמון']::text[],ARRAY['חימום קל','תרגול בעמידה במקום','תרגול בתנועה (אם רלוונטי)','סבב תיקון טכניקה מול מראה/צילום']::text[],NULL,'published','[{"title": "JKA – Technical Manual for the Instructor (PDF)", "url": "https://www.jka.or.jp/wp/wp-content/uploads/2017/04/tech_manual_instructor.pdf", "publisher": "Japan Karate Association", "notes": "הנחיות טכניות ועקרונות אימון"}, {"title": "Glossary of Karate terminology", "url": "https://kugb.org/glossary-of-karate-terminology-used-by-the-kugb", "publisher": "KUGB"}]'::jsonb,NULL,10) ON CONFLICT (id) DO UPDATE SET style_id=EXCLUDED.style_id,belt_id=EXCLUDED.belt_id,title=EXCLUDED.title,slug=EXCLUDED.slug,category=EXCLUDED.category,summary=EXCLUDED.summary,content_md=EXCLUDED.content_md,objectives=EXCLUDED.objectives,steps=EXCLUDED.steps,cover_image_url=EXCLUDED.cover_image_url,status=EXCLUDED.status,sources_json=EXCLUDED.sources_json,estimated_minutes=EXCLUDED.estimated_minutes,display_order=EXCLUDED.display_order;
INSERT INTO public.lessons (id,style_id,belt_id,title,slug,category,summary,content_md,objectives,steps,cover_image_url,status,sources_json,estimated_minutes,display_order) VALUES ('b6964a97-54af-5ff5-b4f9-5b1d1d77dd43'::uuid,'d84f4e1c-2959-5921-8e19-d480b15c48d2'::uuid,'c891797b-5d99-5d83-9af0-e0317ae60dea'::uuid,'קאטה – דרישות (5級)','shotokan-5kyu-kata','kata','- Heian Yondan','# קאטה לחגורה (5級)
## קאטה לדרגה
- Heian Yondan

## איך ללמוד קאטה נכון
- למד/י **קטעים קצרים** (2–4 תנועות) ואז חבר/י.
- שמור/י על קו (Kime), כיוון, יציבה ורוחב עמידה קבוע.',ARRAY['לזהות את הקאטה הנדרשת לדרגה','להבין מתודולוגיה ללמידה מדויקת']::text[],ARRAY['צפייה בהדגמה איטית','פירוק לתנועות','תרגול עם ספירה','תרגול ללא ספירה בקצב טבעי']::text[],NULL,'published','[{"title": "Karate kata: history, rules and scoring", "url": "https://www.olympics.com/en/news/karate-kata-martial-arts-history-how-many-forms-meaning-rules-scoring", "publisher": "Olympics.com"}]'::jsonb,NULL,20) ON CONFLICT (id) DO UPDATE SET style_id=EXCLUDED.style_id,belt_id=EXCLUDED.belt_id,title=EXCLUDED.title,slug=EXCLUDED.slug,category=EXCLUDED.category,summary=EXCLUDED.summary,content_md=EXCLUDED.content_md,objectives=EXCLUDED.objectives,steps=EXCLUDED.steps,cover_image_url=EXCLUDED.cover_image_url,status=EXCLUDED.status,sources_json=EXCLUDED.sources_json,estimated_minutes=EXCLUDED.estimated_minutes,display_order=EXCLUDED.display_order;
INSERT INTO public.lessons (id,style_id,belt_id,title,slug,category,summary,content_md,objectives,steps,cover_image_url,status,sources_json,estimated_minutes,display_order) VALUES ('7a8ec54e-2fce-5017-8f5d-61b30614f04e'::uuid,'d84f4e1c-2959-5921-8e19-d480b15c48d2'::uuid,'c891797b-5d99-5d83-9af0-e0317ae60dea'::uuid,'קומיטה – דרישות (5級)','shotokan-5kyu-kumite','kumite','- Kihon Ippon Kumite','# קומיטה לחגורה (5級)
## סוג התרגול
- Kihon Ippon Kumite

## עקרונות בטיחות
- שליטה מלאה בטכניקה (עצירה/פגיעה מבוקרת).
- ציוד מגן לפי הדוג''ו.',ARRAY['להכיר את סוג הקומיטה הנדרש','להבין עקרונות בטיחות']::text[],ARRAY['התקפות קבועות','הגנה+נגד','חילופי תפקידים','סבב בקצב גבוה (רק אם בטוח)']::text[],NULL,'published','[{"title": "JKA – Technical Manual for the Instructor (PDF)", "url": "https://www.jka.or.jp/wp/wp-content/uploads/2017/04/tech_manual_instructor.pdf", "publisher": "Japan Karate Association", "notes": "הנחיות טכניות ועקרונות אימון"}]'::jsonb,NULL,30) ON CONFLICT (id) DO UPDATE SET style_id=EXCLUDED.style_id,belt_id=EXCLUDED.belt_id,title=EXCLUDED.title,slug=EXCLUDED.slug,category=EXCLUDED.category,summary=EXCLUDED.summary,content_md=EXCLUDED.content_md,objectives=EXCLUDED.objectives,steps=EXCLUDED.steps,cover_image_url=EXCLUDED.cover_image_url,status=EXCLUDED.status,sources_json=EXCLUDED.sources_json,estimated_minutes=EXCLUDED.estimated_minutes,display_order=EXCLUDED.display_order;
INSERT INTO public.lessons (id,style_id,belt_id,title,slug,category,summary,content_md,objectives,steps,cover_image_url,status,sources_json,estimated_minutes,display_order) VALUES ('75def910-48b5-5bd3-8d00-f62de44de44d'::uuid,'d84f4e1c-2959-5921-8e19-d480b15c48d2'::uuid,'c891797b-5d99-5d83-9af0-e0317ae60dea'::uuid,'מבחן דרגה – 5級 (בדיקת ידע)','shotokan-5kyu-exam-lesson','belt_exam','מטרת המבחן: לוודא שהמושגים והבסיס הטכני **יושבים** לפני שעולים דרגה.','# מבחן דרגה (5級)
מטרת המבחן: לוודא שהמושגים והבסיס הטכני **יושבים** לפני שעולים דרגה.

**התחל מבחן:** /quiz/68a72227-f8c1-5e75-ab18-65d8d1a39ab4

## מה כדאי לדעת לפני המבחן
- שמות הטכניקות בעברית/אנגלית/יפנית
- סדר התרגול הבסיסי (חימום → קיהון → קאטה/קומיטה)',ARRAY['אימות ידע תאורטי','חיזוק הבנת מושגים']::text[],ARRAY['עבר/י על שיעורי הקיהון/קאטה/קומיטה של הדרגה','פתח/י את המילון ובדוק/י מושגים שאתה לא בטוח בהם','בצע/י את המבחן']::text[],NULL,'published','[{"title": "Glossary of Karate terminology", "url": "https://kugb.org/glossary-of-karate-terminology-used-by-the-kugb", "publisher": "KUGB"}]'::jsonb,NULL,40) ON CONFLICT (id) DO UPDATE SET style_id=EXCLUDED.style_id,belt_id=EXCLUDED.belt_id,title=EXCLUDED.title,slug=EXCLUDED.slug,category=EXCLUDED.category,summary=EXCLUDED.summary,content_md=EXCLUDED.content_md,objectives=EXCLUDED.objectives,steps=EXCLUDED.steps,cover_image_url=EXCLUDED.cover_image_url,status=EXCLUDED.status,sources_json=EXCLUDED.sources_json,estimated_minutes=EXCLUDED.estimated_minutes,display_order=EXCLUDED.display_order;
INSERT INTO public.lessons (id,style_id,belt_id,title,slug,category,summary,content_md,objectives,steps,cover_image_url,status,sources_json,estimated_minutes,display_order) VALUES ('b4caf2ce-154b-5922-9d52-97d04631f1fa'::uuid,'d84f4e1c-2959-5921-8e19-d480b15c48d2'::uuid,'e0ce8381-5bc5-5f80-a183-92528abdfab3'::uuid,'קיהון – טכניקות חובה (4級)','shotokan-4kyu-kihon','kihon','בחר/י כל מונח במילון כדי לראות **תמונה + שם בעברית/אנגלית/יפנית**.','# קיהון לחגורה (4級)
בחר/י כל מונח במילון כדי לראות **תמונה + שם בעברית/אנגלית/יפנית**.
## רשימת טכניקות
- Kizami-zuki
- Chudan Gyaku-zuki
- Yoko-enpi
- Yoko-uraken-uchi
- Mawashi-geri

## דגשים
- יציבה (Kamae), היקי-טה, נשימה ושמירה על מרכז.
- איכות > כמות. 10 חזרות נקיות עדיף על 50 מפוזרות.',ARRAY['היכרות עם היסודות הנדרשים לדרגה זו','שיפור יציבה, קו אמצע ותזמון']::text[],ARRAY['חימום קל','תרגול בעמידה במקום','תרגול בתנועה (אם רלוונטי)','סבב תיקון טכניקה מול מראה/צילום']::text[],NULL,'published','[{"title": "JKA – Technical Manual for the Instructor (PDF)", "url": "https://www.jka.or.jp/wp/wp-content/uploads/2017/04/tech_manual_instructor.pdf", "publisher": "Japan Karate Association", "notes": "הנחיות טכניות ועקרונות אימון"}, {"title": "Glossary of Karate terminology", "url": "https://kugb.org/glossary-of-karate-terminology-used-by-the-kugb", "publisher": "KUGB"}]'::jsonb,NULL,10) ON CONFLICT (id) DO UPDATE SET style_id=EXCLUDED.style_id,belt_id=EXCLUDED.belt_id,title=EXCLUDED.title,slug=EXCLUDED.slug,category=EXCLUDED.category,summary=EXCLUDED.summary,content_md=EXCLUDED.content_md,objectives=EXCLUDED.objectives,steps=EXCLUDED.steps,cover_image_url=EXCLUDED.cover_image_url,status=EXCLUDED.status,sources_json=EXCLUDED.sources_json,estimated_minutes=EXCLUDED.estimated_minutes,display_order=EXCLUDED.display_order;
INSERT INTO public.lessons (id,style_id,belt_id,title,slug,category,summary,content_md,objectives,steps,cover_image_url,status,sources_json,estimated_minutes,display_order) VALUES ('606d5432-48ea-580e-97f4-4cb97cb4a6c8'::uuid,'d84f4e1c-2959-5921-8e19-d480b15c48d2'::uuid,'e0ce8381-5bc5-5f80-a183-92528abdfab3'::uuid,'קאטה – דרישות (4級)','shotokan-4kyu-kata','kata','- Heian Godan','# קאטה לחגורה (4級)
## קאטה לדרגה
- Heian Godan

## איך ללמוד קאטה נכון
- למד/י **קטעים קצרים** (2–4 תנועות) ואז חבר/י.
- שמור/י על קו (Kime), כיוון, יציבה ורוחב עמידה קבוע.',ARRAY['לזהות את הקאטה הנדרשת לדרגה','להבין מתודולוגיה ללמידה מדויקת']::text[],ARRAY['צפייה בהדגמה איטית','פירוק לתנועות','תרגול עם ספירה','תרגול ללא ספירה בקצב טבעי']::text[],NULL,'published','[{"title": "Karate kata: history, rules and scoring", "url": "https://www.olympics.com/en/news/karate-kata-martial-arts-history-how-many-forms-meaning-rules-scoring", "publisher": "Olympics.com"}]'::jsonb,NULL,20) ON CONFLICT (id) DO UPDATE SET style_id=EXCLUDED.style_id,belt_id=EXCLUDED.belt_id,title=EXCLUDED.title,slug=EXCLUDED.slug,category=EXCLUDED.category,summary=EXCLUDED.summary,content_md=EXCLUDED.content_md,objectives=EXCLUDED.objectives,steps=EXCLUDED.steps,cover_image_url=EXCLUDED.cover_image_url,status=EXCLUDED.status,sources_json=EXCLUDED.sources_json,estimated_minutes=EXCLUDED.estimated_minutes,display_order=EXCLUDED.display_order;
INSERT INTO public.lessons (id,style_id,belt_id,title,slug,category,summary,content_md,objectives,steps,cover_image_url,status,sources_json,estimated_minutes,display_order) VALUES ('772c0d20-6169-5a11-b554-1d882308dd8d'::uuid,'d84f4e1c-2959-5921-8e19-d480b15c48d2'::uuid,'e0ce8381-5bc5-5f80-a183-92528abdfab3'::uuid,'קומיטה – דרישות (4級)','shotokan-4kyu-kumite','kumite','- Jiyu Ippon Kumite','# קומיטה לחגורה (4級)
## סוג התרגול
- Jiyu Ippon Kumite

## עקרונות בטיחות
- שליטה מלאה בטכניקה (עצירה/פגיעה מבוקרת).
- ציוד מגן לפי הדוג''ו.',ARRAY['להכיר את סוג הקומיטה הנדרש','להבין עקרונות בטיחות']::text[],ARRAY['התקפות קבועות','הגנה+נגד','חילופי תפקידים','סבב בקצב גבוה (רק אם בטוח)']::text[],NULL,'published','[{"title": "JKA – Technical Manual for the Instructor (PDF)", "url": "https://www.jka.or.jp/wp/wp-content/uploads/2017/04/tech_manual_instructor.pdf", "publisher": "Japan Karate Association", "notes": "הנחיות טכניות ועקרונות אימון"}]'::jsonb,NULL,30) ON CONFLICT (id) DO UPDATE SET style_id=EXCLUDED.style_id,belt_id=EXCLUDED.belt_id,title=EXCLUDED.title,slug=EXCLUDED.slug,category=EXCLUDED.category,summary=EXCLUDED.summary,content_md=EXCLUDED.content_md,objectives=EXCLUDED.objectives,steps=EXCLUDED.steps,cover_image_url=EXCLUDED.cover_image_url,status=EXCLUDED.status,sources_json=EXCLUDED.sources_json,estimated_minutes=EXCLUDED.estimated_minutes,display_order=EXCLUDED.display_order;
INSERT INTO public.lessons (id,style_id,belt_id,title,slug,category,summary,content_md,objectives,steps,cover_image_url,status,sources_json,estimated_minutes,display_order) VALUES ('20f140d4-b56a-5253-9f6c-32e9c2b098b7'::uuid,'d84f4e1c-2959-5921-8e19-d480b15c48d2'::uuid,'e0ce8381-5bc5-5f80-a183-92528abdfab3'::uuid,'מבחן דרגה – 4級 (בדיקת ידע)','shotokan-4kyu-exam-lesson','belt_exam','מטרת המבחן: לוודא שהמושגים והבסיס הטכני **יושבים** לפני שעולים דרגה.','# מבחן דרגה (4級)
מטרת המבחן: לוודא שהמושגים והבסיס הטכני **יושבים** לפני שעולים דרגה.

**התחל מבחן:** /quiz/0bc3c389-4efe-50e2-8cb5-51d68629ff6c

## מה כדאי לדעת לפני המבחן
- שמות הטכניקות בעברית/אנגלית/יפנית
- סדר התרגול הבסיסי (חימום → קיהון → קאטה/קומיטה)',ARRAY['אימות ידע תאורטי','חיזוק הבנת מושגים']::text[],ARRAY['עבר/י על שיעורי הקיהון/קאטה/קומיטה של הדרגה','פתח/י את המילון ובדוק/י מושגים שאתה לא בטוח בהם','בצע/י את המבחן']::text[],NULL,'published','[{"title": "Glossary of Karate terminology", "url": "https://kugb.org/glossary-of-karate-terminology-used-by-the-kugb", "publisher": "KUGB"}]'::jsonb,NULL,40) ON CONFLICT (id) DO UPDATE SET style_id=EXCLUDED.style_id,belt_id=EXCLUDED.belt_id,title=EXCLUDED.title,slug=EXCLUDED.slug,category=EXCLUDED.category,summary=EXCLUDED.summary,content_md=EXCLUDED.content_md,objectives=EXCLUDED.objectives,steps=EXCLUDED.steps,cover_image_url=EXCLUDED.cover_image_url,status=EXCLUDED.status,sources_json=EXCLUDED.sources_json,estimated_minutes=EXCLUDED.estimated_minutes,display_order=EXCLUDED.display_order;
INSERT INTO public.lessons (id,style_id,belt_id,title,slug,category,summary,content_md,objectives,steps,cover_image_url,status,sources_json,estimated_minutes,display_order) VALUES ('dd0f1503-8684-5332-a458-30b092f2e6c4'::uuid,'d84f4e1c-2959-5921-8e19-d480b15c48d2'::uuid,'f4503d24-1fda-5ea9-8195-d11d8f17e0c4'::uuid,'קיהון – טכניקות חובה (3級)','shotokan-3kyu-kihon','kihon','בחר/י כל מונח במילון כדי לראות **תמונה + שם בעברית/אנגלית/יפנית**.','# קיהון לחגורה (3級)
בחר/י כל מונח במילון כדי לראות **תמונה + שם בעברית/אנגלית/יפנית**.
## רשימת טכניקות
- Nukite
- Chudan Gyaku-zuki
- Yoko-geri Kekomi
- Mawashi-geri

## דגשים
- יציבה (Kamae), היקי-טה, נשימה ושמירה על מרכז.
- איכות > כמות. 10 חזרות נקיות עדיף על 50 מפוזרות.',ARRAY['היכרות עם היסודות הנדרשים לדרגה זו','שיפור יציבה, קו אמצע ותזמון']::text[],ARRAY['חימום קל','תרגול בעמידה במקום','תרגול בתנועה (אם רלוונטי)','סבב תיקון טכניקה מול מראה/צילום']::text[],NULL,'published','[{"title": "JKA – Technical Manual for the Instructor (PDF)", "url": "https://www.jka.or.jp/wp/wp-content/uploads/2017/04/tech_manual_instructor.pdf", "publisher": "Japan Karate Association", "notes": "הנחיות טכניות ועקרונות אימון"}, {"title": "Glossary of Karate terminology", "url": "https://kugb.org/glossary-of-karate-terminology-used-by-the-kugb", "publisher": "KUGB"}]'::jsonb,NULL,10) ON CONFLICT (id) DO UPDATE SET style_id=EXCLUDED.style_id,belt_id=EXCLUDED.belt_id,title=EXCLUDED.title,slug=EXCLUDED.slug,category=EXCLUDED.category,summary=EXCLUDED.summary,content_md=EXCLUDED.content_md,objectives=EXCLUDED.objectives,steps=EXCLUDED.steps,cover_image_url=EXCLUDED.cover_image_url,status=EXCLUDED.status,sources_json=EXCLUDED.sources_json,estimated_minutes=EXCLUDED.estimated_minutes,display_order=EXCLUDED.display_order;
INSERT INTO public.lessons (id,style_id,belt_id,title,slug,category,summary,content_md,objectives,steps,cover_image_url,status,sources_json,estimated_minutes,display_order) VALUES ('67f5de47-74e4-54a0-86f7-68b8ae285f86'::uuid,'d84f4e1c-2959-5921-8e19-d480b15c48d2'::uuid,'f4503d24-1fda-5ea9-8195-d11d8f17e0c4'::uuid,'קאטה – דרישות (3級)','shotokan-3kyu-kata','kata','- Tekki Shodan','# קאטה לחגורה (3級)
## קאטה לדרגה
- Tekki Shodan

## איך ללמוד קאטה נכון
- למד/י **קטעים קצרים** (2–4 תנועות) ואז חבר/י.
- שמור/י על קו (Kime), כיוון, יציבה ורוחב עמידה קבוע.',ARRAY['לזהות את הקאטה הנדרשת לדרגה','להבין מתודולוגיה ללמידה מדויקת']::text[],ARRAY['צפייה בהדגמה איטית','פירוק לתנועות','תרגול עם ספירה','תרגול ללא ספירה בקצב טבעי']::text[],NULL,'published','[{"title": "Karate kata: history, rules and scoring", "url": "https://www.olympics.com/en/news/karate-kata-martial-arts-history-how-many-forms-meaning-rules-scoring", "publisher": "Olympics.com"}]'::jsonb,NULL,20) ON CONFLICT (id) DO UPDATE SET style_id=EXCLUDED.style_id,belt_id=EXCLUDED.belt_id,title=EXCLUDED.title,slug=EXCLUDED.slug,category=EXCLUDED.category,summary=EXCLUDED.summary,content_md=EXCLUDED.content_md,objectives=EXCLUDED.objectives,steps=EXCLUDED.steps,cover_image_url=EXCLUDED.cover_image_url,status=EXCLUDED.status,sources_json=EXCLUDED.sources_json,estimated_minutes=EXCLUDED.estimated_minutes,display_order=EXCLUDED.display_order;
INSERT INTO public.lessons (id,style_id,belt_id,title,slug,category,summary,content_md,objectives,steps,cover_image_url,status,sources_json,estimated_minutes,display_order) VALUES ('a9bb3782-3f74-5fe6-bdc7-a2cea3216a4c'::uuid,'d84f4e1c-2959-5921-8e19-d480b15c48d2'::uuid,'f4503d24-1fda-5ea9-8195-d11d8f17e0c4'::uuid,'קומיטה – דרישות (3級)','shotokan-3kyu-kumite','kumite','- Jiyu Ippon Kumite','# קומיטה לחגורה (3級)
## סוג התרגול
- Jiyu Ippon Kumite

## עקרונות בטיחות
- שליטה מלאה בטכניקה (עצירה/פגיעה מבוקרת).
- ציוד מגן לפי הדוג''ו.',ARRAY['להכיר את סוג הקומיטה הנדרש','להבין עקרונות בטיחות']::text[],ARRAY['התקפות קבועות','הגנה+נגד','חילופי תפקידים','סבב בקצב גבוה (רק אם בטוח)']::text[],NULL,'published','[{"title": "JKA – Technical Manual for the Instructor (PDF)", "url": "https://www.jka.or.jp/wp/wp-content/uploads/2017/04/tech_manual_instructor.pdf", "publisher": "Japan Karate Association", "notes": "הנחיות טכניות ועקרונות אימון"}]'::jsonb,NULL,30) ON CONFLICT (id) DO UPDATE SET style_id=EXCLUDED.style_id,belt_id=EXCLUDED.belt_id,title=EXCLUDED.title,slug=EXCLUDED.slug,category=EXCLUDED.category,summary=EXCLUDED.summary,content_md=EXCLUDED.content_md,objectives=EXCLUDED.objectives,steps=EXCLUDED.steps,cover_image_url=EXCLUDED.cover_image_url,status=EXCLUDED.status,sources_json=EXCLUDED.sources_json,estimated_minutes=EXCLUDED.estimated_minutes,display_order=EXCLUDED.display_order;
INSERT INTO public.lessons (id,style_id,belt_id,title,slug,category,summary,content_md,objectives,steps,cover_image_url,status,sources_json,estimated_minutes,display_order) VALUES ('55fe4152-91b1-55a8-b8fa-fcbcfda05cf8'::uuid,'d84f4e1c-2959-5921-8e19-d480b15c48d2'::uuid,'f4503d24-1fda-5ea9-8195-d11d8f17e0c4'::uuid,'מבחן דרגה – 3級 (בדיקת ידע)','shotokan-3kyu-exam-lesson','belt_exam','מטרת המבחן: לוודא שהמושגים והבסיס הטכני **יושבים** לפני שעולים דרגה.','# מבחן דרגה (3級)
מטרת המבחן: לוודא שהמושגים והבסיס הטכני **יושבים** לפני שעולים דרגה.

**התחל מבחן:** /quiz/fcd4c22d-c747-51cd-bc41-69ba697fee7e

## מה כדאי לדעת לפני המבחן
- שמות הטכניקות בעברית/אנגלית/יפנית
- סדר התרגול הבסיסי (חימום → קיהון → קאטה/קומיטה)',ARRAY['אימות ידע תאורטי','חיזוק הבנת מושגים']::text[],ARRAY['עבר/י על שיעורי הקיהון/קאטה/קומיטה של הדרגה','פתח/י את המילון ובדוק/י מושגים שאתה לא בטוח בהם','בצע/י את המבחן']::text[],NULL,'published','[{"title": "Glossary of Karate terminology", "url": "https://kugb.org/glossary-of-karate-terminology-used-by-the-kugb", "publisher": "KUGB"}]'::jsonb,NULL,40) ON CONFLICT (id) DO UPDATE SET style_id=EXCLUDED.style_id,belt_id=EXCLUDED.belt_id,title=EXCLUDED.title,slug=EXCLUDED.slug,category=EXCLUDED.category,summary=EXCLUDED.summary,content_md=EXCLUDED.content_md,objectives=EXCLUDED.objectives,steps=EXCLUDED.steps,cover_image_url=EXCLUDED.cover_image_url,status=EXCLUDED.status,sources_json=EXCLUDED.sources_json,estimated_minutes=EXCLUDED.estimated_minutes,display_order=EXCLUDED.display_order;
INSERT INTO public.lessons (id,style_id,belt_id,title,slug,category,summary,content_md,objectives,steps,cover_image_url,status,sources_json,estimated_minutes,display_order) VALUES ('202a62b7-c17f-517d-89b3-ee81c7cf19f5'::uuid,'d84f4e1c-2959-5921-8e19-d480b15c48d2'::uuid,'3a028c70-c213-51bc-bb88-c60a68eb22b4'::uuid,'קיהון – טכניקות חובה (2級)','shotokan-2kyu-kihon','kihon','בחר/י כל מונח במילון כדי לראות **תמונה + שם בעברית/אנגלית/יפנית**.','# קיהון לחגורה (2級)
בחר/י כל מונח במילון כדי לראות **תמונה + שם בעברית/אנגלית/יפנית**.
## רשימת טכניקות
- Sanbon Renzuki
- Kokutsu Shuto-uke
- Nukite
- Mawashi-geri

## דגשים
- יציבה (Kamae), היקי-טה, נשימה ושמירה על מרכז.
- איכות > כמות. 10 חזרות נקיות עדיף על 50 מפוזרות.',ARRAY['היכרות עם היסודות הנדרשים לדרגה זו','שיפור יציבה, קו אמצע ותזמון']::text[],ARRAY['חימום קל','תרגול בעמידה במקום','תרגול בתנועה (אם רלוונטי)','סבב תיקון טכניקה מול מראה/צילום']::text[],NULL,'published','[{"title": "JKA – Technical Manual for the Instructor (PDF)", "url": "https://www.jka.or.jp/wp/wp-content/uploads/2017/04/tech_manual_instructor.pdf", "publisher": "Japan Karate Association", "notes": "הנחיות טכניות ועקרונות אימון"}, {"title": "Glossary of Karate terminology", "url": "https://kugb.org/glossary-of-karate-terminology-used-by-the-kugb", "publisher": "KUGB"}]'::jsonb,NULL,10) ON CONFLICT (id) DO UPDATE SET style_id=EXCLUDED.style_id,belt_id=EXCLUDED.belt_id,title=EXCLUDED.title,slug=EXCLUDED.slug,category=EXCLUDED.category,summary=EXCLUDED.summary,content_md=EXCLUDED.content_md,objectives=EXCLUDED.objectives,steps=EXCLUDED.steps,cover_image_url=EXCLUDED.cover_image_url,status=EXCLUDED.status,sources_json=EXCLUDED.sources_json,estimated_minutes=EXCLUDED.estimated_minutes,display_order=EXCLUDED.display_order;
INSERT INTO public.lessons (id,style_id,belt_id,title,slug,category,summary,content_md,objectives,steps,cover_image_url,status,sources_json,estimated_minutes,display_order) VALUES ('89ccbe14-ba1c-55a6-9ac1-36070a5fd6d7'::uuid,'d84f4e1c-2959-5921-8e19-d480b15c48d2'::uuid,'3a028c70-c213-51bc-bb88-c60a68eb22b4'::uuid,'קאטה – דרישות (2級)','shotokan-2kyu-kata','kata','- Bassai Dai','# קאטה לחגורה (2級)
## קאטה לדרגה
- Bassai Dai

## איך ללמוד קאטה נכון
- למד/י **קטעים קצרים** (2–4 תנועות) ואז חבר/י.
- שמור/י על קו (Kime), כיוון, יציבה ורוחב עמידה קבוע.',ARRAY['לזהות את הקאטה הנדרשת לדרגה','להבין מתודולוגיה ללמידה מדויקת']::text[],ARRAY['צפייה בהדגמה איטית','פירוק לתנועות','תרגול עם ספירה','תרגול ללא ספירה בקצב טבעי']::text[],NULL,'published','[{"title": "Karate kata: history, rules and scoring", "url": "https://www.olympics.com/en/news/karate-kata-martial-arts-history-how-many-forms-meaning-rules-scoring", "publisher": "Olympics.com"}]'::jsonb,NULL,20) ON CONFLICT (id) DO UPDATE SET style_id=EXCLUDED.style_id,belt_id=EXCLUDED.belt_id,title=EXCLUDED.title,slug=EXCLUDED.slug,category=EXCLUDED.category,summary=EXCLUDED.summary,content_md=EXCLUDED.content_md,objectives=EXCLUDED.objectives,steps=EXCLUDED.steps,cover_image_url=EXCLUDED.cover_image_url,status=EXCLUDED.status,sources_json=EXCLUDED.sources_json,estimated_minutes=EXCLUDED.estimated_minutes,display_order=EXCLUDED.display_order;
INSERT INTO public.lessons (id,style_id,belt_id,title,slug,category,summary,content_md,objectives,steps,cover_image_url,status,sources_json,estimated_minutes,display_order) VALUES ('855e36f3-b0c6-5205-a79f-c5bc1a9aba6d'::uuid,'d84f4e1c-2959-5921-8e19-d480b15c48d2'::uuid,'3a028c70-c213-51bc-bb88-c60a68eb22b4'::uuid,'קומיטה – דרישות (2級)','shotokan-2kyu-kumite','kumite','- Jiyu Ippon Kumite','# קומיטה לחגורה (2級)
## סוג התרגול
- Jiyu Ippon Kumite

## עקרונות בטיחות
- שליטה מלאה בטכניקה (עצירה/פגיעה מבוקרת).
- ציוד מגן לפי הדוג''ו.',ARRAY['להכיר את סוג הקומיטה הנדרש','להבין עקרונות בטיחות']::text[],ARRAY['התקפות קבועות','הגנה+נגד','חילופי תפקידים','סבב בקצב גבוה (רק אם בטוח)']::text[],NULL,'published','[{"title": "JKA – Technical Manual for the Instructor (PDF)", "url": "https://www.jka.or.jp/wp/wp-content/uploads/2017/04/tech_manual_instructor.pdf", "publisher": "Japan Karate Association", "notes": "הנחיות טכניות ועקרונות אימון"}]'::jsonb,NULL,30) ON CONFLICT (id) DO UPDATE SET style_id=EXCLUDED.style_id,belt_id=EXCLUDED.belt_id,title=EXCLUDED.title,slug=EXCLUDED.slug,category=EXCLUDED.category,summary=EXCLUDED.summary,content_md=EXCLUDED.content_md,objectives=EXCLUDED.objectives,steps=EXCLUDED.steps,cover_image_url=EXCLUDED.cover_image_url,status=EXCLUDED.status,sources_json=EXCLUDED.sources_json,estimated_minutes=EXCLUDED.estimated_minutes,display_order=EXCLUDED.display_order;
INSERT INTO public.lessons (id,style_id,belt_id,title,slug,category,summary,content_md,objectives,steps,cover_image_url,status,sources_json,estimated_minutes,display_order) VALUES ('03c63786-4c3c-5fab-8e0c-7f3884819d55'::uuid,'d84f4e1c-2959-5921-8e19-d480b15c48d2'::uuid,'3a028c70-c213-51bc-bb88-c60a68eb22b4'::uuid,'מבחן דרגה – 2級 (בדיקת ידע)','shotokan-2kyu-exam-lesson','belt_exam','מטרת המבחן: לוודא שהמושגים והבסיס הטכני **יושבים** לפני שעולים דרגה.','# מבחן דרגה (2級)
מטרת המבחן: לוודא שהמושגים והבסיס הטכני **יושבים** לפני שעולים דרגה.

**התחל מבחן:** /quiz/33b9a973-0d12-573b-9608-a92d42f0be1d

## מה כדאי לדעת לפני המבחן
- שמות הטכניקות בעברית/אנגלית/יפנית
- סדר התרגול הבסיסי (חימום → קיהון → קאטה/קומיטה)',ARRAY['אימות ידע תאורטי','חיזוק הבנת מושגים']::text[],ARRAY['עבר/י על שיעורי הקיהון/קאטה/קומיטה של הדרגה','פתח/י את המילון ובדוק/י מושגים שאתה לא בטוח בהם','בצע/י את המבחן']::text[],NULL,'published','[{"title": "Glossary of Karate terminology", "url": "https://kugb.org/glossary-of-karate-terminology-used-by-the-kugb", "publisher": "KUGB"}]'::jsonb,NULL,40) ON CONFLICT (id) DO UPDATE SET style_id=EXCLUDED.style_id,belt_id=EXCLUDED.belt_id,title=EXCLUDED.title,slug=EXCLUDED.slug,category=EXCLUDED.category,summary=EXCLUDED.summary,content_md=EXCLUDED.content_md,objectives=EXCLUDED.objectives,steps=EXCLUDED.steps,cover_image_url=EXCLUDED.cover_image_url,status=EXCLUDED.status,sources_json=EXCLUDED.sources_json,estimated_minutes=EXCLUDED.estimated_minutes,display_order=EXCLUDED.display_order;
INSERT INTO public.lessons (id,style_id,belt_id,title,slug,category,summary,content_md,objectives,steps,cover_image_url,status,sources_json,estimated_minutes,display_order) VALUES ('9d81b4f2-d0b3-595d-ab4f-52407f6ee246'::uuid,'d84f4e1c-2959-5921-8e19-d480b15c48d2'::uuid,'89e71fda-6625-51d6-87c0-9778fcde51b7'::uuid,'קיהון – טכניקות חובה (1級)','shotokan-1kyu-kihon','kihon','בחר/י כל מונח במילון כדי לראות **תמונה + שם בעברית/אנגלית/יפנית**.','# קיהון לחגורה (1級)
בחר/י כל מונח במילון כדי לראות **תמונה + שם בעברית/אנגלית/יפנית**.
## רשימת טכניקות
- Sanbon Renzuki
- Kizami-zuki
- Chudan Gyaku-zuki
- Yoko-geri Kekomi
- Mawashi-geri

## דגשים
- יציבה (Kamae), היקי-טה, נשימה ושמירה על מרכז.
- איכות > כמות. 10 חזרות נקיות עדיף על 50 מפוזרות.',ARRAY['היכרות עם היסודות הנדרשים לדרגה זו','שיפור יציבה, קו אמצע ותזמון']::text[],ARRAY['חימום קל','תרגול בעמידה במקום','תרגול בתנועה (אם רלוונטי)','סבב תיקון טכניקה מול מראה/צילום']::text[],NULL,'published','[{"title": "JKA – Technical Manual for the Instructor (PDF)", "url": "https://www.jka.or.jp/wp/wp-content/uploads/2017/04/tech_manual_instructor.pdf", "publisher": "Japan Karate Association", "notes": "הנחיות טכניות ועקרונות אימון"}, {"title": "Glossary of Karate terminology", "url": "https://kugb.org/glossary-of-karate-terminology-used-by-the-kugb", "publisher": "KUGB"}]'::jsonb,NULL,10) ON CONFLICT (id) DO UPDATE SET style_id=EXCLUDED.style_id,belt_id=EXCLUDED.belt_id,title=EXCLUDED.title,slug=EXCLUDED.slug,category=EXCLUDED.category,summary=EXCLUDED.summary,content_md=EXCLUDED.content_md,objectives=EXCLUDED.objectives,steps=EXCLUDED.steps,cover_image_url=EXCLUDED.cover_image_url,status=EXCLUDED.status,sources_json=EXCLUDED.sources_json,estimated_minutes=EXCLUDED.estimated_minutes,display_order=EXCLUDED.display_order;
INSERT INTO public.lessons (id,style_id,belt_id,title,slug,category,summary,content_md,objectives,steps,cover_image_url,status,sources_json,estimated_minutes,display_order) VALUES ('fe14f5f7-f1ef-59b1-8682-803dd024cd47'::uuid,'d84f4e1c-2959-5921-8e19-d480b15c48d2'::uuid,'89e71fda-6625-51d6-87c0-9778fcde51b7'::uuid,'קאטה – דרישות (1級)','shotokan-1kyu-kata','kata','- Kanku Dai','# קאטה לחגורה (1級)
## קאטה לדרגה
- Kanku Dai

## איך ללמוד קאטה נכון
- למד/י **קטעים קצרים** (2–4 תנועות) ואז חבר/י.
- שמור/י על קו (Kime), כיוון, יציבה ורוחב עמידה קבוע.',ARRAY['לזהות את הקאטה הנדרשת לדרגה','להבין מתודולוגיה ללמידה מדויקת']::text[],ARRAY['צפייה בהדגמה איטית','פירוק לתנועות','תרגול עם ספירה','תרגול ללא ספירה בקצב טבעי']::text[],NULL,'published','[{"title": "Karate kata: history, rules and scoring", "url": "https://www.olympics.com/en/news/karate-kata-martial-arts-history-how-many-forms-meaning-rules-scoring", "publisher": "Olympics.com"}]'::jsonb,NULL,20) ON CONFLICT (id) DO UPDATE SET style_id=EXCLUDED.style_id,belt_id=EXCLUDED.belt_id,title=EXCLUDED.title,slug=EXCLUDED.slug,category=EXCLUDED.category,summary=EXCLUDED.summary,content_md=EXCLUDED.content_md,objectives=EXCLUDED.objectives,steps=EXCLUDED.steps,cover_image_url=EXCLUDED.cover_image_url,status=EXCLUDED.status,sources_json=EXCLUDED.sources_json,estimated_minutes=EXCLUDED.estimated_minutes,display_order=EXCLUDED.display_order;
INSERT INTO public.lessons (id,style_id,belt_id,title,slug,category,summary,content_md,objectives,steps,cover_image_url,status,sources_json,estimated_minutes,display_order) VALUES ('6c31c8d4-6ab9-50ea-bff4-57126e90d4d9'::uuid,'d84f4e1c-2959-5921-8e19-d480b15c48d2'::uuid,'89e71fda-6625-51d6-87c0-9778fcde51b7'::uuid,'קומיטה – דרישות (1級)','shotokan-1kyu-kumite','kumite','- Jiyu Ippon Kumite','# קומיטה לחגורה (1級)
## סוג התרגול
- Jiyu Ippon Kumite

## עקרונות בטיחות
- שליטה מלאה בטכניקה (עצירה/פגיעה מבוקרת).
- ציוד מגן לפי הדוג''ו.',ARRAY['להכיר את סוג הקומיטה הנדרש','להבין עקרונות בטיחות']::text[],ARRAY['התקפות קבועות','הגנה+נגד','חילופי תפקידים','סבב בקצב גבוה (רק אם בטוח)']::text[],NULL,'published','[{"title": "JKA – Technical Manual for the Instructor (PDF)", "url": "https://www.jka.or.jp/wp/wp-content/uploads/2017/04/tech_manual_instructor.pdf", "publisher": "Japan Karate Association", "notes": "הנחיות טכניות ועקרונות אימון"}]'::jsonb,NULL,30) ON CONFLICT (id) DO UPDATE SET style_id=EXCLUDED.style_id,belt_id=EXCLUDED.belt_id,title=EXCLUDED.title,slug=EXCLUDED.slug,category=EXCLUDED.category,summary=EXCLUDED.summary,content_md=EXCLUDED.content_md,objectives=EXCLUDED.objectives,steps=EXCLUDED.steps,cover_image_url=EXCLUDED.cover_image_url,status=EXCLUDED.status,sources_json=EXCLUDED.sources_json,estimated_minutes=EXCLUDED.estimated_minutes,display_order=EXCLUDED.display_order;
INSERT INTO public.lessons (id,style_id,belt_id,title,slug,category,summary,content_md,objectives,steps,cover_image_url,status,sources_json,estimated_minutes,display_order) VALUES ('3bff6549-b416-59cd-9705-043cee213551'::uuid,'d84f4e1c-2959-5921-8e19-d480b15c48d2'::uuid,'89e71fda-6625-51d6-87c0-9778fcde51b7'::uuid,'מבחן דרגה – 1級 (בדיקת ידע)','shotokan-1kyu-exam-lesson','belt_exam','מטרת המבחן: לוודא שהמושגים והבסיס הטכני **יושבים** לפני שעולים דרגה.','# מבחן דרגה (1級)
מטרת המבחן: לוודא שהמושגים והבסיס הטכני **יושבים** לפני שעולים דרגה.

**התחל מבחן:** /quiz/183208d7-715f-558f-838e-598c84ec82d3

## מה כדאי לדעת לפני המבחן
- שמות הטכניקות בעברית/אנגלית/יפנית
- סדר התרגול הבסיסי (חימום → קיהון → קאטה/קומיטה)',ARRAY['אימות ידע תאורטי','חיזוק הבנת מושגים']::text[],ARRAY['עבר/י על שיעורי הקיהון/קאטה/קומיטה של הדרגה','פתח/י את המילון ובדוק/י מושגים שאתה לא בטוח בהם','בצע/י את המבחן']::text[],NULL,'published','[{"title": "Glossary of Karate terminology", "url": "https://kugb.org/glossary-of-karate-terminology-used-by-the-kugb", "publisher": "KUGB"}]'::jsonb,NULL,40) ON CONFLICT (id) DO UPDATE SET style_id=EXCLUDED.style_id,belt_id=EXCLUDED.belt_id,title=EXCLUDED.title,slug=EXCLUDED.slug,category=EXCLUDED.category,summary=EXCLUDED.summary,content_md=EXCLUDED.content_md,objectives=EXCLUDED.objectives,steps=EXCLUDED.steps,cover_image_url=EXCLUDED.cover_image_url,status=EXCLUDED.status,sources_json=EXCLUDED.sources_json,estimated_minutes=EXCLUDED.estimated_minutes,display_order=EXCLUDED.display_order;
INSERT INTO public.lessons (id,style_id,belt_id,title,slug,category,summary,content_md,objectives,steps,cover_image_url,status,sources_json,estimated_minutes,display_order) VALUES ('ff4f02cf-c03b-529f-a86e-3287f500a1e5'::uuid,'d84f4e1c-2959-5921-8e19-d480b15c48d2'::uuid,'953921d7-e1d5-502c-afac-3467c749fc6e'::uuid,'שודאן – Ido Kihon (Moving basics)','shotokan-shodan-kihon','kihon','הקיהון לשודאן הוא קפיצה ברמה: דיוק בתנועה, שינויי עמידה, תזמון וקו.','# שודאן – Ido Kihon
הקיהון לשודאן הוא קפיצה ברמה: דיוק בתנועה, שינויי עמידה, תזמון וקו.
## רשימת תרגילים (עפ"י JKA)
- Sanbon Renzuki (step in)
- Jodan Age-uke, Gyaku-zuki (step back)
- Chudan Soto-uke, Yoko-enpi, Yoko-uraken-uchi, Gyaku-zuki (stance change)
- Chudan Uchi-uke, Kizami-zuki, Gyaku-zuki (Kokutsu→Zenkutsu) (step back)
- Kokutsu Shuto-uke, Zenkutsu Nukite (step in)
- Mae-geri (on the spot)
- Yoko-geri Keage (Kiba-dachi, alternate feet)
- Yoko-geri Kekomi (Zenkutsu-dachi)

טיפ: תרגל/י את כל הסדרה **גם לאט** וגם בקצב בחינה.',ARRAY['לבנות יציבות ותנועה ברמה של שודאן']::text[],ARRAY['תרגול איטי מול מראה','תרגול בקצב בחינה','צילום עצמי והשוואה לוידאו/הדגמה']::text[],NULL,'published','[{"title": "DAN Ranking (guidelines)", "url": "https://www.jka.or.jp/en/about-jka/dan-ranking/", "publisher": "Japan Karate Association", "notes": "קווי-מנחה רשמיים לדאן (כולל שודאן)"}, {"title": "JKA – Technical Manual for the Instructor (PDF)", "url": "https://www.jka.or.jp/wp/wp-content/uploads/2017/04/tech_manual_instructor.pdf", "publisher": "Japan Karate Association", "notes": "הנחיות טכניות ועקרונות אימון"}]'::jsonb,NULL,10) ON CONFLICT (id) DO UPDATE SET style_id=EXCLUDED.style_id,belt_id=EXCLUDED.belt_id,title=EXCLUDED.title,slug=EXCLUDED.slug,category=EXCLUDED.category,summary=EXCLUDED.summary,content_md=EXCLUDED.content_md,objectives=EXCLUDED.objectives,steps=EXCLUDED.steps,cover_image_url=EXCLUDED.cover_image_url,status=EXCLUDED.status,sources_json=EXCLUDED.sources_json,estimated_minutes=EXCLUDED.estimated_minutes,display_order=EXCLUDED.display_order;
INSERT INTO public.lessons (id,style_id,belt_id,title,slug,category,summary,content_md,objectives,steps,cover_image_url,status,sources_json,estimated_minutes,display_order) VALUES ('d39cd32c-077e-5090-9ed1-3d89bf870de8'::uuid,'d84f4e1c-2959-5921-8e19-d480b15c48d2'::uuid,'953921d7-e1d5-502c-afac-3467c749fc6e'::uuid,'שודאן – קאטה נדרשת','shotokan-shodan-kata','kata','- Bassai Dai','# שודאן – קאטה
## בחירת קאטה
- Bassai Dai
- Kanku Dai
- Enpi או Jion (בחירה)

דגש: איכות (Kime, יציבה, קצב) + הבנת בונקאי בסיסית.',ARRAY['להבין מה בוחרים לשודאן ואיך להתכונן']::text[],ARRAY['בחר/י קאטה מהרשימה','תרגל/י פירוק לקטעים','תרגל/י ''ריצה'' מלאה בקצב בחינה']::text[],NULL,'published','[{"title": "DAN Ranking (guidelines)", "url": "https://www.jka.or.jp/en/about-jka/dan-ranking/", "publisher": "Japan Karate Association", "notes": "קווי-מנחה רשמיים לדאן (כולל שודאן)"}]'::jsonb,NULL,20) ON CONFLICT (id) DO UPDATE SET style_id=EXCLUDED.style_id,belt_id=EXCLUDED.belt_id,title=EXCLUDED.title,slug=EXCLUDED.slug,category=EXCLUDED.category,summary=EXCLUDED.summary,content_md=EXCLUDED.content_md,objectives=EXCLUDED.objectives,steps=EXCLUDED.steps,cover_image_url=EXCLUDED.cover_image_url,status=EXCLUDED.status,sources_json=EXCLUDED.sources_json,estimated_minutes=EXCLUDED.estimated_minutes,display_order=EXCLUDED.display_order;
INSERT INTO public.lessons (id,style_id,belt_id,title,slug,category,summary,content_md,objectives,steps,cover_image_url,status,sources_json,estimated_minutes,display_order) VALUES ('2a8176b7-293c-5a15-82eb-bc76d68e4c0e'::uuid,'d84f4e1c-2959-5921-8e19-d480b15c48d2'::uuid,'953921d7-e1d5-502c-afac-3467c749fc6e'::uuid,'שודאן – Jiyu Ippon Kumite','shotokan-shodan-kumite','kumite','קומיטה חצי-חופשי עם 5 התקפות חובה (ימין/שמאל) – לפי JKA.','# שודאן – Jiyu Ippon Kumite
קומיטה חצי-חופשי עם 5 התקפות חובה (ימין/שמאל) – לפי JKA.
## התקפות
- Jodan Jun-zuki
- Chudan Jun-zuki
- Chudan Mae-geri
- Chudan Yoko-geri Kekomi
- Mawashi-geri (הודע מראש אם Jodan/Chudan)

דגשים: מרחק (Maai), תזמון (Timing), קו ונגד נקי.',ARRAY['להכיר את מסגרת הקומיטה לשודאן']::text[],ARRAY['התקפה בקצב מדורג','הגנה+נגד','ריצות בחינה']::text[],NULL,'published','[{"title": "DAN Ranking (guidelines)", "url": "https://www.jka.or.jp/en/about-jka/dan-ranking/", "publisher": "Japan Karate Association", "notes": "קווי-מנחה רשמיים לדאן (כולל שודאן)"}]'::jsonb,NULL,30) ON CONFLICT (id) DO UPDATE SET style_id=EXCLUDED.style_id,belt_id=EXCLUDED.belt_id,title=EXCLUDED.title,slug=EXCLUDED.slug,category=EXCLUDED.category,summary=EXCLUDED.summary,content_md=EXCLUDED.content_md,objectives=EXCLUDED.objectives,steps=EXCLUDED.steps,cover_image_url=EXCLUDED.cover_image_url,status=EXCLUDED.status,sources_json=EXCLUDED.sources_json,estimated_minutes=EXCLUDED.estimated_minutes,display_order=EXCLUDED.display_order;
INSERT INTO public.lessons (id,style_id,belt_id,title,slug,category,summary,content_md,objectives,steps,cover_image_url,status,sources_json,estimated_minutes,display_order) VALUES ('23177248-316e-55db-81cf-384ec1e9eb76'::uuid,'d84f4e1c-2959-5921-8e19-d480b15c48d2'::uuid,'953921d7-e1d5-502c-afac-3467c749fc6e'::uuid,'שודאן – מבחן ידע (初段)','shotokan-shodan-exam-lesson','belt_exam','**התחל מבחן:** /quiz/4ec20ac5-38d4-5d4b-a8d4-212d9d3b8da4','# מבחן ידע – שודאן (初段)
**התחל מבחן:** /quiz/4ec20ac5-38d4-5d4b-a8d4-212d9d3b8da4

מטרת המבחן: לוודא הבנה של דרישות שודאן + מושגים.',ARRAY['אימות ידע תאורטי לשודאן']::text[],ARRAY['עבר/י על Ido Kihon','ודא/י שאתה מכיר את 4 הקאטות הרלוונטיות','תרגל/י תרחישי קומיטה']::text[],NULL,'published','[{"title": "DAN Ranking (guidelines)", "url": "https://www.jka.or.jp/en/about-jka/dan-ranking/", "publisher": "Japan Karate Association", "notes": "קווי-מנחה רשמיים לדאן (כולל שודאן)"}]'::jsonb,NULL,40) ON CONFLICT (id) DO UPDATE SET style_id=EXCLUDED.style_id,belt_id=EXCLUDED.belt_id,title=EXCLUDED.title,slug=EXCLUDED.slug,category=EXCLUDED.category,summary=EXCLUDED.summary,content_md=EXCLUDED.content_md,objectives=EXCLUDED.objectives,steps=EXCLUDED.steps,cover_image_url=EXCLUDED.cover_image_url,status=EXCLUDED.status,sources_json=EXCLUDED.sources_json,estimated_minutes=EXCLUDED.estimated_minutes,display_order=EXCLUDED.display_order;
INSERT INTO public.lessons (id,style_id,belt_id,title,slug,category,summary,content_md,objectives,steps,cover_image_url,status,sources_json,estimated_minutes,display_order) VALUES ('4c87ea57-7071-5749-b809-6886106297be'::uuid,'df952b87-a40e-5d0b-8aba-0b09d4d9c14f'::uuid,'1c033249-acb9-575d-a837-1d2f364ce032'::uuid,'מבוא לקיוקושין (IKO) – מה שונה כאן?','kyokushin-intro','dojo_rules','- זרם נוקדאון/מגע מלא (בדרך כלל ללא מכות אגרוף לראש בתחרות).','# קיוקושין – קו קצר
- זרם נוקדאון/מגע מלא (בדרך כלל ללא מכות אגרוף לראש בתחרות).
- דגש על כושר, עמידות, ''Osu'' ומשמעת.

## איך נלמד באתר
- בסיס קיהון + עמידות
- קאטות נפוצות בקיוקושין
- התאמות בטיחות לאימון עצמי בבית',ARRAY['להבין מהו קיוקושין ומה העקרונות']::text[],ARRAY[]::text[],NULL,'published','[{"title": "International Karate Organization (IKO) – Organization", "url": "https://www-test.kyokushinkaikan.org/en/about/organization/", "publisher": "IKO Kyokushinkaikan", "notes": "עמוד ארגוני/פילוסופיה ומידע בסיסי"}]'::jsonb,NULL,1) ON CONFLICT (id) DO UPDATE SET style_id=EXCLUDED.style_id,belt_id=EXCLUDED.belt_id,title=EXCLUDED.title,slug=EXCLUDED.slug,category=EXCLUDED.category,summary=EXCLUDED.summary,content_md=EXCLUDED.content_md,objectives=EXCLUDED.objectives,steps=EXCLUDED.steps,cover_image_url=EXCLUDED.cover_image_url,status=EXCLUDED.status,sources_json=EXCLUDED.sources_json,estimated_minutes=EXCLUDED.estimated_minutes,display_order=EXCLUDED.display_order;
INSERT INTO public.lessons (id,style_id,belt_id,title,slug,category,summary,content_md,objectives,steps,cover_image_url,status,sources_json,estimated_minutes,display_order) VALUES ('f5d4c702-f653-5d3c-92e5-b4f4f41227b6'::uuid,'2c091fa0-58e5-55dc-86ef-fadf6aba2094'::uuid,'9508d155-8d25-55d4-b8de-983acbb1872b'::uuid,'מבוא לגוג''ו-ריו (IOGKF) – עקרונות','goju-intro','dojo_rules','- ''Go'' (רך) + ''Ju'' (קשה): שילוב עוצמה עם רכות.','# גוג''ו-ריו – עקרונות
- ''Go'' (רך) + ''Ju'' (קשה): שילוב עוצמה עם רכות.
- דגש על נשימה, יציבה ותבניות כמו Sanchin/Tensho (לפי אסכולה).

## איך נלמד באתר
- יסודות משותפים לקראטה
- תרגילי נשימה ובסיס יציבה
- קאטות בסיסיות בהמשך',ARRAY['להבין את הייחוד של גוג''ו-ריו']::text[],ARRAY[]::text[],NULL,'published','[{"title": "IOGKF – About / History", "url": "https://iogkf.com/", "publisher": "International Okinawan Goju-Ryu Karatedo Federation"}, {"title": "The Birthplace of Karate", "url": "https://visitokinawajapan.com/discover/traditional-culture/birthplace-of-karate/", "publisher": "Visit Okinawa"}]'::jsonb,NULL,1) ON CONFLICT (id) DO UPDATE SET style_id=EXCLUDED.style_id,belt_id=EXCLUDED.belt_id,title=EXCLUDED.title,slug=EXCLUDED.slug,category=EXCLUDED.category,summary=EXCLUDED.summary,content_md=EXCLUDED.content_md,objectives=EXCLUDED.objectives,steps=EXCLUDED.steps,cover_image_url=EXCLUDED.cover_image_url,status=EXCLUDED.status,sources_json=EXCLUDED.sources_json,estimated_minutes=EXCLUDED.estimated_minutes,display_order=EXCLUDED.display_order;
INSERT INTO public.lessons (id,style_id,belt_id,title,slug,category,summary,content_md,objectives,steps,cover_image_url,status,sources_json,estimated_minutes,display_order) VALUES ('050faa78-030b-58f9-886c-b4006877aa69'::uuid,'08cf62c4-70ed-5a1c-9c03-365baf9f2bd7'::uuid,'4cb6a526-f1ad-580e-9942-cd292c5e9d5c'::uuid,'מבוא לואדו-ריו – תנועה והתחמקות (taisabaki)','wado-intro','dojo_rules','- שילוב עקרונות קראטה עם תנועה, זווית והסטה.','# ואדו-ריו
- שילוב עקרונות קראטה עם תנועה, זווית והסטה.
- פחות ''התנגשות'' חזיתית; יותר תזמון והתחמקות.

באתר נציג בסיס משותף + דגשי ואדו-ריו.',ARRAY['להבין מהי ''דרך ההרמוניה'' בואדו-ריו']::text[],ARRAY[]::text[],NULL,'published','[{"title": "Karate | Origin, Description, & History", "url": "https://www.britannica.com/sports/karate", "publisher": "Encyclopaedia Britannica"}]'::jsonb,NULL,1) ON CONFLICT (id) DO UPDATE SET style_id=EXCLUDED.style_id,belt_id=EXCLUDED.belt_id,title=EXCLUDED.title,slug=EXCLUDED.slug,category=EXCLUDED.category,summary=EXCLUDED.summary,content_md=EXCLUDED.content_md,objectives=EXCLUDED.objectives,steps=EXCLUDED.steps,cover_image_url=EXCLUDED.cover_image_url,status=EXCLUDED.status,sources_json=EXCLUDED.sources_json,estimated_minutes=EXCLUDED.estimated_minutes,display_order=EXCLUDED.display_order;
INSERT INTO public.lessons (id,style_id,belt_id,title,slug,category,summary,content_md,objectives,steps,cover_image_url,status,sources_json,estimated_minutes,display_order) VALUES ('cfd9af25-60cf-543c-9a76-6f3a3b03bed8'::uuid,'73213ee7-4efb-5d6f-baa3-477b9e02c883'::uuid,'8ef5a262-86f9-566c-ac38-af2073fcfd22'::uuid,'שינדוקאן – איך עובדים באתר','shindokan-intro','dojo_rules','שינדוקאן מופיע לעיתים כמותג דוג''ו/מועדון שמלמד בסיס שוטוקאן.','# שינדוקאן (מסגרת)
שינדוקאן מופיע לעיתים כמותג דוג''ו/מועדון שמלמד בסיס שוטוקאן.

## באתר
- ברירת מחדל: סילבוס שוטוקאן לפי JKA (כדי להיצמד למקור אמין).
- אם תספק סילבוס/מקור רשמי של שינדוקאן שלך — נבנה מסלול ייעודי.',ARRAY['להבין איך האתר מארגן את הידע']::text[],ARRAY[]::text[],NULL,'published','[{"title": "Glossary of Karate terminology", "url": "https://kugb.org/glossary-of-karate-terminology-used-by-the-kugb", "publisher": "KUGB"}]'::jsonb,NULL,1) ON CONFLICT (id) DO UPDATE SET style_id=EXCLUDED.style_id,belt_id=EXCLUDED.belt_id,title=EXCLUDED.title,slug=EXCLUDED.slug,category=EXCLUDED.category,summary=EXCLUDED.summary,content_md=EXCLUDED.content_md,objectives=EXCLUDED.objectives,steps=EXCLUDED.steps,cover_image_url=EXCLUDED.cover_image_url,status=EXCLUDED.status,sources_json=EXCLUDED.sources_json,estimated_minutes=EXCLUDED.estimated_minutes,display_order=EXCLUDED.display_order;

-- Seed Quizzes
INSERT INTO public.quizzes (id,style_id,belt_id,title,description,pass_score,is_belt_exam,display_order) VALUES ('0e658525-cf79-5525-ba1a-288e79fee459'::uuid,'d84f4e1c-2959-5921-8e19-d480b15c48d2'::uuid,'64d766b5-1214-5e2d-9a30-b607d14a26e9'::uuid,'מבחן ידע – 10級','מבחן קצר לווידוא ידע.',70,TRUE,1) ON CONFLICT (id) DO UPDATE SET style_id=EXCLUDED.style_id,belt_id=EXCLUDED.belt_id,title=EXCLUDED.title,description=EXCLUDED.description,pass_score=EXCLUDED.pass_score,is_belt_exam=EXCLUDED.is_belt_exam,display_order=EXCLUDED.display_order;
INSERT INTO public.quizzes (id,style_id,belt_id,title,description,pass_score,is_belt_exam,display_order) VALUES ('0d7b0c4c-f74f-524a-b22f-be35d7193884'::uuid,'d84f4e1c-2959-5921-8e19-d480b15c48d2'::uuid,'33324d4a-43aa-5a00-a24b-04c9ed6a5c58'::uuid,'מבחן ידע – 9級','מבחן קצר לווידוא ידע.',70,TRUE,2) ON CONFLICT (id) DO UPDATE SET style_id=EXCLUDED.style_id,belt_id=EXCLUDED.belt_id,title=EXCLUDED.title,description=EXCLUDED.description,pass_score=EXCLUDED.pass_score,is_belt_exam=EXCLUDED.is_belt_exam,display_order=EXCLUDED.display_order;
INSERT INTO public.quizzes (id,style_id,belt_id,title,description,pass_score,is_belt_exam,display_order) VALUES ('fbb1e019-3aff-56d5-ae76-7c0d7292ee7a'::uuid,'d84f4e1c-2959-5921-8e19-d480b15c48d2'::uuid,'163392dc-64fa-53b8-bdb1-710f1fa8df95'::uuid,'מבחן ידע – 8級','מבחן קצר לווידוא ידע.',70,TRUE,3) ON CONFLICT (id) DO UPDATE SET style_id=EXCLUDED.style_id,belt_id=EXCLUDED.belt_id,title=EXCLUDED.title,description=EXCLUDED.description,pass_score=EXCLUDED.pass_score,is_belt_exam=EXCLUDED.is_belt_exam,display_order=EXCLUDED.display_order;
INSERT INTO public.quizzes (id,style_id,belt_id,title,description,pass_score,is_belt_exam,display_order) VALUES ('5a8cbaf9-7b8a-55ec-abc5-2c598f9d02f4'::uuid,'d84f4e1c-2959-5921-8e19-d480b15c48d2'::uuid,'3214cfe1-14b6-5720-b119-f8435fe04579'::uuid,'מבחן ידע – 7級','מבחן קצר לווידוא ידע.',70,TRUE,4) ON CONFLICT (id) DO UPDATE SET style_id=EXCLUDED.style_id,belt_id=EXCLUDED.belt_id,title=EXCLUDED.title,description=EXCLUDED.description,pass_score=EXCLUDED.pass_score,is_belt_exam=EXCLUDED.is_belt_exam,display_order=EXCLUDED.display_order;
INSERT INTO public.quizzes (id,style_id,belt_id,title,description,pass_score,is_belt_exam,display_order) VALUES ('9b1fa1c5-542c-57fa-bbb8-54820d971aa5'::uuid,'d84f4e1c-2959-5921-8e19-d480b15c48d2'::uuid,'c8d85a92-697c-5a9b-b3dc-14182de5b973'::uuid,'מבחן ידע – 6級','מבחן קצר לווידוא ידע.',70,TRUE,5) ON CONFLICT (id) DO UPDATE SET style_id=EXCLUDED.style_id,belt_id=EXCLUDED.belt_id,title=EXCLUDED.title,description=EXCLUDED.description,pass_score=EXCLUDED.pass_score,is_belt_exam=EXCLUDED.is_belt_exam,display_order=EXCLUDED.display_order;
INSERT INTO public.quizzes (id,style_id,belt_id,title,description,pass_score,is_belt_exam,display_order) VALUES ('68a72227-f8c1-5e75-ab18-65d8d1a39ab4'::uuid,'d84f4e1c-2959-5921-8e19-d480b15c48d2'::uuid,'c891797b-5d99-5d83-9af0-e0317ae60dea'::uuid,'מבחן ידע – 5級','מבחן קצר לווידוא ידע.',70,TRUE,6) ON CONFLICT (id) DO UPDATE SET style_id=EXCLUDED.style_id,belt_id=EXCLUDED.belt_id,title=EXCLUDED.title,description=EXCLUDED.description,pass_score=EXCLUDED.pass_score,is_belt_exam=EXCLUDED.is_belt_exam,display_order=EXCLUDED.display_order;
INSERT INTO public.quizzes (id,style_id,belt_id,title,description,pass_score,is_belt_exam,display_order) VALUES ('0bc3c389-4efe-50e2-8cb5-51d68629ff6c'::uuid,'d84f4e1c-2959-5921-8e19-d480b15c48d2'::uuid,'e0ce8381-5bc5-5f80-a183-92528abdfab3'::uuid,'מבחן ידע – 4級','מבחן קצר לווידוא ידע.',70,TRUE,7) ON CONFLICT (id) DO UPDATE SET style_id=EXCLUDED.style_id,belt_id=EXCLUDED.belt_id,title=EXCLUDED.title,description=EXCLUDED.description,pass_score=EXCLUDED.pass_score,is_belt_exam=EXCLUDED.is_belt_exam,display_order=EXCLUDED.display_order;
INSERT INTO public.quizzes (id,style_id,belt_id,title,description,pass_score,is_belt_exam,display_order) VALUES ('fcd4c22d-c747-51cd-bc41-69ba697fee7e'::uuid,'d84f4e1c-2959-5921-8e19-d480b15c48d2'::uuid,'f4503d24-1fda-5ea9-8195-d11d8f17e0c4'::uuid,'מבחן ידע – 3級','מבחן קצר לווידוא ידע.',70,TRUE,8) ON CONFLICT (id) DO UPDATE SET style_id=EXCLUDED.style_id,belt_id=EXCLUDED.belt_id,title=EXCLUDED.title,description=EXCLUDED.description,pass_score=EXCLUDED.pass_score,is_belt_exam=EXCLUDED.is_belt_exam,display_order=EXCLUDED.display_order;
INSERT INTO public.quizzes (id,style_id,belt_id,title,description,pass_score,is_belt_exam,display_order) VALUES ('33b9a973-0d12-573b-9608-a92d42f0be1d'::uuid,'d84f4e1c-2959-5921-8e19-d480b15c48d2'::uuid,'3a028c70-c213-51bc-bb88-c60a68eb22b4'::uuid,'מבחן ידע – 2級','מבחן קצר לווידוא ידע.',70,TRUE,9) ON CONFLICT (id) DO UPDATE SET style_id=EXCLUDED.style_id,belt_id=EXCLUDED.belt_id,title=EXCLUDED.title,description=EXCLUDED.description,pass_score=EXCLUDED.pass_score,is_belt_exam=EXCLUDED.is_belt_exam,display_order=EXCLUDED.display_order;
INSERT INTO public.quizzes (id,style_id,belt_id,title,description,pass_score,is_belt_exam,display_order) VALUES ('183208d7-715f-558f-838e-598c84ec82d3'::uuid,'d84f4e1c-2959-5921-8e19-d480b15c48d2'::uuid,'89e71fda-6625-51d6-87c0-9778fcde51b7'::uuid,'מבחן ידע – 1級','מבחן קצר לווידוא ידע.',70,TRUE,10) ON CONFLICT (id) DO UPDATE SET style_id=EXCLUDED.style_id,belt_id=EXCLUDED.belt_id,title=EXCLUDED.title,description=EXCLUDED.description,pass_score=EXCLUDED.pass_score,is_belt_exam=EXCLUDED.is_belt_exam,display_order=EXCLUDED.display_order;
INSERT INTO public.quizzes (id,style_id,belt_id,title,description,pass_score,is_belt_exam,display_order) VALUES ('4ec20ac5-38d4-5d4b-a8d4-212d9d3b8da4'::uuid,'d84f4e1c-2959-5921-8e19-d480b15c48d2'::uuid,'953921d7-e1d5-502c-afac-3467c749fc6e'::uuid,'מבחן ידע – שודאן (初段)','מבחן קצר לווידוא ידע.',75,TRUE,11) ON CONFLICT (id) DO UPDATE SET style_id=EXCLUDED.style_id,belt_id=EXCLUDED.belt_id,title=EXCLUDED.title,description=EXCLUDED.description,pass_score=EXCLUDED.pass_score,is_belt_exam=EXCLUDED.is_belt_exam,display_order=EXCLUDED.display_order;

-- Seed Questions
INSERT INTO public.questions (id,quiz_id,type,prompt,options_json,answer_json,explanation,display_order) VALUES ('4fab8de4-7afe-5ea3-af6e-91fb1c14e366'::uuid,'0e658525-cf79-5525-ba1a-288e79fee459'::uuid,'multiple_choice','מה המשמעות של Kata (形)?','["קרב חופשי", "תבנית תנועה מסורתית", "חימום ריצה", "פגיעה מלאה"]'::jsonb,'{"correct_index": 1}'::jsonb,'Kata היא תבנית תנועה מסורתית שמפתחת דיוק, קצב ויציבה.',1) ON CONFLICT (id) DO UPDATE SET quiz_id=EXCLUDED.quiz_id,type=EXCLUDED.type,prompt=EXCLUDED.prompt,options_json=EXCLUDED.options_json,answer_json=EXCLUDED.answer_json,explanation=EXCLUDED.explanation,display_order=EXCLUDED.display_order;
INSERT INTO public.questions (id,quiz_id,type,prompt,options_json,answer_json,explanation,display_order) VALUES ('e3b78a49-a7f4-5314-94f1-c43c4b5cd17a'::uuid,'0e658525-cf79-5525-ba1a-288e79fee459'::uuid,'multiple_choice','מה המשמעות של Rei (礼) בדוג''ו?','["קידה/כבוד", "בעיטה קדמית", "אגרוף הפוך", "ספירה 1–10"]'::jsonb,'{"correct_index": 0}'::jsonb,'Rei = קידה/כבוד. מתחילים ומסיימים תרגול בכבוד.',2) ON CONFLICT (id) DO UPDATE SET quiz_id=EXCLUDED.quiz_id,type=EXCLUDED.type,prompt=EXCLUDED.prompt,options_json=EXCLUDED.options_json,answer_json=EXCLUDED.answer_json,explanation=EXCLUDED.explanation,display_order=EXCLUDED.display_order;
INSERT INTO public.questions (id,quiz_id,type,prompt,options_json,answer_json,explanation,display_order) VALUES ('deb50565-e665-56f6-a096-142d8b70d5d7'::uuid,'0e658525-cf79-5525-ba1a-288e79fee459'::uuid,'multiple_choice','מהי המשמעות של ''Hachiji-dachi''?','["טכניקת קיהון (יסודות)", "שם של קאטה", "סוג קומיטה", "מונח ציוד"]'::jsonb,'{"correct_index": 0}'::jsonb,'ברשימת הקיהון של הדרגה נמצאות טכניקות יסוד.',3) ON CONFLICT (id) DO UPDATE SET quiz_id=EXCLUDED.quiz_id,type=EXCLUDED.type,prompt=EXCLUDED.prompt,options_json=EXCLUDED.options_json,answer_json=EXCLUDED.answer_json,explanation=EXCLUDED.explanation,display_order=EXCLUDED.display_order;
INSERT INTO public.questions (id,quiz_id,type,prompt,options_json,answer_json,explanation,display_order) VALUES ('b374d939-7ca2-5a7d-8ec5-77d430568277'::uuid,'0e658525-cf79-5525-ba1a-288e79fee459'::uuid,'multiple_choice','נכון/לא נכון: ב-10級 יש קאטה חובה.','["נכון", "לא נכון"]'::jsonb,'{"correct_index": 1}'::jsonb,'בדרגות הראשונות לעיתים אין קאטה חובה — הדגש על קיהון.',4) ON CONFLICT (id) DO UPDATE SET quiz_id=EXCLUDED.quiz_id,type=EXCLUDED.type,prompt=EXCLUDED.prompt,options_json=EXCLUDED.options_json,answer_json=EXCLUDED.answer_json,explanation=EXCLUDED.explanation,display_order=EXCLUDED.display_order;
INSERT INTO public.questions (id,quiz_id,type,prompt,options_json,answer_json,explanation,display_order) VALUES ('12689433-19c6-53f9-bca0-d81dd0a68279'::uuid,'0e658525-cf79-5525-ba1a-288e79fee459'::uuid,'multiple_choice','מה תפקיד ה-Kiai (気合) בעיקר?','["להעלות ניקוד בתחרות", "לרכך מכות", "למקד נשימה וכוונה", "להחליף חגורה"]'::jsonb,'{"correct_index": 2}'::jsonb,'Kiai עוזר לריכוז, נשימה והדגשת הטכניקה.',5) ON CONFLICT (id) DO UPDATE SET quiz_id=EXCLUDED.quiz_id,type=EXCLUDED.type,prompt=EXCLUDED.prompt,options_json=EXCLUDED.options_json,answer_json=EXCLUDED.answer_json,explanation=EXCLUDED.explanation,display_order=EXCLUDED.display_order;
INSERT INTO public.questions (id,quiz_id,type,prompt,options_json,answer_json,explanation,display_order) VALUES ('82fd25a3-6831-5ae9-b564-92f704267f00'::uuid,'0e658525-cf79-5525-ba1a-288e79fee459'::uuid,'multiple_choice','מה הכלל החשוב ביותר בקומיטה לשמירה על בטיחות?','["לנסות לנצח בכל מחיר", "לשמור שליטה בטכניקה ולעצור בזמן", "להכות חזק יותר מהיריב", "לא לזוז מהמקום"]'::jsonb,'{"correct_index": 1}'::jsonb,'שליטה מלאה ועצירה בזמן הן הבסיס לבטיחות.',6) ON CONFLICT (id) DO UPDATE SET quiz_id=EXCLUDED.quiz_id,type=EXCLUDED.type,prompt=EXCLUDED.prompt,options_json=EXCLUDED.options_json,answer_json=EXCLUDED.answer_json,explanation=EXCLUDED.explanation,display_order=EXCLUDED.display_order;
INSERT INTO public.questions (id,quiz_id,type,prompt,options_json,answer_json,explanation,display_order) VALUES ('d5ece7a3-ed46-5396-8f3c-843706871d88'::uuid,'0d7b0c4c-f74f-524a-b22f-be35d7193884'::uuid,'multiple_choice','מה המשמעות של Kata (形)?','["קרב חופשי", "תבנית תנועה מסורתית", "חימום ריצה", "פגיעה מלאה"]'::jsonb,'{"correct_index": 1}'::jsonb,'Kata היא תבנית תנועה מסורתית שמפתחת דיוק, קצב ויציבה.',1) ON CONFLICT (id) DO UPDATE SET quiz_id=EXCLUDED.quiz_id,type=EXCLUDED.type,prompt=EXCLUDED.prompt,options_json=EXCLUDED.options_json,answer_json=EXCLUDED.answer_json,explanation=EXCLUDED.explanation,display_order=EXCLUDED.display_order;
INSERT INTO public.questions (id,quiz_id,type,prompt,options_json,answer_json,explanation,display_order) VALUES ('1b72c0f0-67eb-544e-8dee-47897f9b890b'::uuid,'0d7b0c4c-f74f-524a-b22f-be35d7193884'::uuid,'multiple_choice','מה המשמעות של Rei (礼) בדוג''ו?','["קידה/כבוד", "בעיטה קדמית", "אגרוף הפוך", "ספירה 1–10"]'::jsonb,'{"correct_index": 0}'::jsonb,'Rei = קידה/כבוד. מתחילים ומסיימים תרגול בכבוד.',2) ON CONFLICT (id) DO UPDATE SET quiz_id=EXCLUDED.quiz_id,type=EXCLUDED.type,prompt=EXCLUDED.prompt,options_json=EXCLUDED.options_json,answer_json=EXCLUDED.answer_json,explanation=EXCLUDED.explanation,display_order=EXCLUDED.display_order;
INSERT INTO public.questions (id,quiz_id,type,prompt,options_json,answer_json,explanation,display_order) VALUES ('4a7a2b68-2379-5153-8507-535155faa176'::uuid,'0d7b0c4c-f74f-524a-b22f-be35d7193884'::uuid,'multiple_choice','מהי המשמעות של ''Zenkutsu-dachi''?','["טכניקת קיהון (יסודות)", "שם של קאטה", "סוג קומיטה", "מונח ציוד"]'::jsonb,'{"correct_index": 0}'::jsonb,'ברשימת הקיהון של הדרגה נמצאות טכניקות יסוד.',3) ON CONFLICT (id) DO UPDATE SET quiz_id=EXCLUDED.quiz_id,type=EXCLUDED.type,prompt=EXCLUDED.prompt,options_json=EXCLUDED.options_json,answer_json=EXCLUDED.answer_json,explanation=EXCLUDED.explanation,display_order=EXCLUDED.display_order;
INSERT INTO public.questions (id,quiz_id,type,prompt,options_json,answer_json,explanation,display_order) VALUES ('8dcee576-0590-5385-a587-6d17d1947750'::uuid,'0d7b0c4c-f74f-524a-b22f-be35d7193884'::uuid,'multiple_choice','נכון/לא נכון: ב-9級 יש קאטה חובה.','["נכון", "לא נכון"]'::jsonb,'{"correct_index": 1}'::jsonb,'בדרגות הראשונות לעיתים אין קאטה חובה — הדגש על קיהון.',4) ON CONFLICT (id) DO UPDATE SET quiz_id=EXCLUDED.quiz_id,type=EXCLUDED.type,prompt=EXCLUDED.prompt,options_json=EXCLUDED.options_json,answer_json=EXCLUDED.answer_json,explanation=EXCLUDED.explanation,display_order=EXCLUDED.display_order;
INSERT INTO public.questions (id,quiz_id,type,prompt,options_json,answer_json,explanation,display_order) VALUES ('32f12195-1872-5452-9c88-b9f21935868b'::uuid,'0d7b0c4c-f74f-524a-b22f-be35d7193884'::uuid,'multiple_choice','מה תפקיד ה-Kiai (気合) בעיקר?','["להעלות ניקוד בתחרות", "לרכך מכות", "למקד נשימה וכוונה", "להחליף חגורה"]'::jsonb,'{"correct_index": 2}'::jsonb,'Kiai עוזר לריכוז, נשימה והדגשת הטכניקה.',5) ON CONFLICT (id) DO UPDATE SET quiz_id=EXCLUDED.quiz_id,type=EXCLUDED.type,prompt=EXCLUDED.prompt,options_json=EXCLUDED.options_json,answer_json=EXCLUDED.answer_json,explanation=EXCLUDED.explanation,display_order=EXCLUDED.display_order;
INSERT INTO public.questions (id,quiz_id,type,prompt,options_json,answer_json,explanation,display_order) VALUES ('7ca95ce6-923c-5d83-802b-0020a93c603b'::uuid,'0d7b0c4c-f74f-524a-b22f-be35d7193884'::uuid,'multiple_choice','מה הכלל החשוב ביותר בקומיטה לשמירה על בטיחות?','["לנסות לנצח בכל מחיר", "לשמור שליטה בטכניקה ולעצור בזמן", "להכות חזק יותר מהיריב", "לא לזוז מהמקום"]'::jsonb,'{"correct_index": 1}'::jsonb,'שליטה מלאה ועצירה בזמן הן הבסיס לבטיחות.',6) ON CONFLICT (id) DO UPDATE SET quiz_id=EXCLUDED.quiz_id,type=EXCLUDED.type,prompt=EXCLUDED.prompt,options_json=EXCLUDED.options_json,answer_json=EXCLUDED.answer_json,explanation=EXCLUDED.explanation,display_order=EXCLUDED.display_order;
INSERT INTO public.questions (id,quiz_id,type,prompt,options_json,answer_json,explanation,display_order) VALUES ('34084fd3-4d44-5c54-a839-09e7e56aa24a'::uuid,'fbb1e019-3aff-56d5-ae76-7c0d7292ee7a'::uuid,'multiple_choice','מה המשמעות של Kata (形)?','["קרב חופשי", "תבנית תנועה מסורתית", "חימום ריצה", "פגיעה מלאה"]'::jsonb,'{"correct_index": 1}'::jsonb,'Kata היא תבנית תנועה מסורתית שמפתחת דיוק, קצב ויציבה.',1) ON CONFLICT (id) DO UPDATE SET quiz_id=EXCLUDED.quiz_id,type=EXCLUDED.type,prompt=EXCLUDED.prompt,options_json=EXCLUDED.options_json,answer_json=EXCLUDED.answer_json,explanation=EXCLUDED.explanation,display_order=EXCLUDED.display_order;
INSERT INTO public.questions (id,quiz_id,type,prompt,options_json,answer_json,explanation,display_order) VALUES ('89558c5e-8af2-59e1-846e-74a4ab94566b'::uuid,'fbb1e019-3aff-56d5-ae76-7c0d7292ee7a'::uuid,'multiple_choice','מה המשמעות של Rei (礼) בדוג''ו?','["קידה/כבוד", "בעיטה קדמית", "אגרוף הפוך", "ספירה 1–10"]'::jsonb,'{"correct_index": 0}'::jsonb,'Rei = קידה/כבוד. מתחילים ומסיימים תרגול בכבוד.',2) ON CONFLICT (id) DO UPDATE SET quiz_id=EXCLUDED.quiz_id,type=EXCLUDED.type,prompt=EXCLUDED.prompt,options_json=EXCLUDED.options_json,answer_json=EXCLUDED.answer_json,explanation=EXCLUDED.explanation,display_order=EXCLUDED.display_order;
INSERT INTO public.questions (id,quiz_id,type,prompt,options_json,answer_json,explanation,display_order) VALUES ('80ca629c-df24-516c-a253-d1a1c84c55a8'::uuid,'fbb1e019-3aff-56d5-ae76-7c0d7292ee7a'::uuid,'multiple_choice','מהי המשמעות של ''Kokutsu-dachi''?','["טכניקת קיהון (יסודות)", "שם של קאטה", "סוג קומיטה", "מונח ציוד"]'::jsonb,'{"correct_index": 0}'::jsonb,'ברשימת הקיהון של הדרגה נמצאות טכניקות יסוד.',3) ON CONFLICT (id) DO UPDATE SET quiz_id=EXCLUDED.quiz_id,type=EXCLUDED.type,prompt=EXCLUDED.prompt,options_json=EXCLUDED.options_json,answer_json=EXCLUDED.answer_json,explanation=EXCLUDED.explanation,display_order=EXCLUDED.display_order;
INSERT INTO public.questions (id,quiz_id,type,prompt,options_json,answer_json,explanation,display_order) VALUES ('598fbe44-c899-588d-951d-eddef107a9dd'::uuid,'fbb1e019-3aff-56d5-ae76-7c0d7292ee7a'::uuid,'multiple_choice','איזו קאטה נדרשת (בדרך כלל) ל-8級?','["Heian Shodan", "Tekki Shodan", "Bassai Dai", "Kanku Dai"]'::jsonb,'{"correct_index": 0}'::jsonb,'בדרך כלל זו הקאטה הראשונה/המתאימה לדרגה לפי מסלול שוטוקאן.',4) ON CONFLICT (id) DO UPDATE SET quiz_id=EXCLUDED.quiz_id,type=EXCLUDED.type,prompt=EXCLUDED.prompt,options_json=EXCLUDED.options_json,answer_json=EXCLUDED.answer_json,explanation=EXCLUDED.explanation,display_order=EXCLUDED.display_order;
INSERT INTO public.questions (id,quiz_id,type,prompt,options_json,answer_json,explanation,display_order) VALUES ('00c1a3d0-9b19-5875-bdbf-f5ccba1fdb30'::uuid,'fbb1e019-3aff-56d5-ae76-7c0d7292ee7a'::uuid,'multiple_choice','מה תפקיד ה-Kiai (気合) בעיקר?','["להעלות ניקוד בתחרות", "לרכך מכות", "למקד נשימה וכוונה", "להחליף חגורה"]'::jsonb,'{"correct_index": 2}'::jsonb,'Kiai עוזר לריכוז, נשימה והדגשת הטכניקה.',5) ON CONFLICT (id) DO UPDATE SET quiz_id=EXCLUDED.quiz_id,type=EXCLUDED.type,prompt=EXCLUDED.prompt,options_json=EXCLUDED.options_json,answer_json=EXCLUDED.answer_json,explanation=EXCLUDED.explanation,display_order=EXCLUDED.display_order;
INSERT INTO public.questions (id,quiz_id,type,prompt,options_json,answer_json,explanation,display_order) VALUES ('01378103-3bd5-5e67-add1-4606f01e127f'::uuid,'fbb1e019-3aff-56d5-ae76-7c0d7292ee7a'::uuid,'multiple_choice','מה הכלל החשוב ביותר בקומיטה לשמירה על בטיחות?','["לנסות לנצח בכל מחיר", "לשמור שליטה בטכניקה ולעצור בזמן", "להכות חזק יותר מהיריב", "לא לזוז מהמקום"]'::jsonb,'{"correct_index": 1}'::jsonb,'שליטה מלאה ועצירה בזמן הן הבסיס לבטיחות.',6) ON CONFLICT (id) DO UPDATE SET quiz_id=EXCLUDED.quiz_id,type=EXCLUDED.type,prompt=EXCLUDED.prompt,options_json=EXCLUDED.options_json,answer_json=EXCLUDED.answer_json,explanation=EXCLUDED.explanation,display_order=EXCLUDED.display_order;
INSERT INTO public.questions (id,quiz_id,type,prompt,options_json,answer_json,explanation,display_order) VALUES ('6d4c5e2b-a55f-5537-b115-d089bdd721e1'::uuid,'5a8cbaf9-7b8a-55ec-abc5-2c598f9d02f4'::uuid,'multiple_choice','מה המשמעות של Kata (形)?','["קרב חופשי", "תבנית תנועה מסורתית", "חימום ריצה", "פגיעה מלאה"]'::jsonb,'{"correct_index": 1}'::jsonb,'Kata היא תבנית תנועה מסורתית שמפתחת דיוק, קצב ויציבה.',1) ON CONFLICT (id) DO UPDATE SET quiz_id=EXCLUDED.quiz_id,type=EXCLUDED.type,prompt=EXCLUDED.prompt,options_json=EXCLUDED.options_json,answer_json=EXCLUDED.answer_json,explanation=EXCLUDED.explanation,display_order=EXCLUDED.display_order;
INSERT INTO public.questions (id,quiz_id,type,prompt,options_json,answer_json,explanation,display_order) VALUES ('cd166cdd-a101-5845-a1e8-c7f39dfc89db'::uuid,'5a8cbaf9-7b8a-55ec-abc5-2c598f9d02f4'::uuid,'multiple_choice','מה המשמעות של Rei (礼) בדוג''ו?','["קידה/כבוד", "בעיטה קדמית", "אגרוף הפוך", "ספירה 1–10"]'::jsonb,'{"correct_index": 0}'::jsonb,'Rei = קידה/כבוד. מתחילים ומסיימים תרגול בכבוד.',2) ON CONFLICT (id) DO UPDATE SET quiz_id=EXCLUDED.quiz_id,type=EXCLUDED.type,prompt=EXCLUDED.prompt,options_json=EXCLUDED.options_json,answer_json=EXCLUDED.answer_json,explanation=EXCLUDED.explanation,display_order=EXCLUDED.display_order;
INSERT INTO public.questions (id,quiz_id,type,prompt,options_json,answer_json,explanation,display_order) VALUES ('fbb72b4e-6a3a-5b95-b90c-5e89dc1d7c2c'::uuid,'5a8cbaf9-7b8a-55ec-abc5-2c598f9d02f4'::uuid,'multiple_choice','מהי המשמעות של ''Kiba-dachi''?','["טכניקת קיהון (יסודות)", "שם של קאטה", "סוג קומיטה", "מונח ציוד"]'::jsonb,'{"correct_index": 0}'::jsonb,'ברשימת הקיהון של הדרגה נמצאות טכניקות יסוד.',3) ON CONFLICT (id) DO UPDATE SET quiz_id=EXCLUDED.quiz_id,type=EXCLUDED.type,prompt=EXCLUDED.prompt,options_json=EXCLUDED.options_json,answer_json=EXCLUDED.answer_json,explanation=EXCLUDED.explanation,display_order=EXCLUDED.display_order;
INSERT INTO public.questions (id,quiz_id,type,prompt,options_json,answer_json,explanation,display_order) VALUES ('151f8a66-bf71-53d8-bdb4-f1cdc02a8ea7'::uuid,'5a8cbaf9-7b8a-55ec-abc5-2c598f9d02f4'::uuid,'multiple_choice','איזו קאטה נדרשת (בדרך כלל) ל-7級?','["Heian Nidan", "Tekki Shodan", "Bassai Dai", "Kanku Dai"]'::jsonb,'{"correct_index": 0}'::jsonb,'בדרך כלל זו הקאטה הראשונה/המתאימה לדרגה לפי מסלול שוטוקאן.',4) ON CONFLICT (id) DO UPDATE SET quiz_id=EXCLUDED.quiz_id,type=EXCLUDED.type,prompt=EXCLUDED.prompt,options_json=EXCLUDED.options_json,answer_json=EXCLUDED.answer_json,explanation=EXCLUDED.explanation,display_order=EXCLUDED.display_order;
INSERT INTO public.questions (id,quiz_id,type,prompt,options_json,answer_json,explanation,display_order) VALUES ('27ec4d15-ddf9-5b45-8e10-c20c640bbdc7'::uuid,'5a8cbaf9-7b8a-55ec-abc5-2c598f9d02f4'::uuid,'multiple_choice','מה תפקיד ה-Kiai (気合) בעיקר?','["להעלות ניקוד בתחרות", "לרכך מכות", "למקד נשימה וכוונה", "להחליף חגורה"]'::jsonb,'{"correct_index": 2}'::jsonb,'Kiai עוזר לריכוז, נשימה והדגשת הטכניקה.',5) ON CONFLICT (id) DO UPDATE SET quiz_id=EXCLUDED.quiz_id,type=EXCLUDED.type,prompt=EXCLUDED.prompt,options_json=EXCLUDED.options_json,answer_json=EXCLUDED.answer_json,explanation=EXCLUDED.explanation,display_order=EXCLUDED.display_order;
INSERT INTO public.questions (id,quiz_id,type,prompt,options_json,answer_json,explanation,display_order) VALUES ('00bc9f93-4199-5eb1-8149-5ddfe2b13cc5'::uuid,'5a8cbaf9-7b8a-55ec-abc5-2c598f9d02f4'::uuid,'multiple_choice','מה הכלל החשוב ביותר בקומיטה לשמירה על בטיחות?','["לנסות לנצח בכל מחיר", "לשמור שליטה בטכניקה ולעצור בזמן", "להכות חזק יותר מהיריב", "לא לזוז מהמקום"]'::jsonb,'{"correct_index": 1}'::jsonb,'שליטה מלאה ועצירה בזמן הן הבסיס לבטיחות.',6) ON CONFLICT (id) DO UPDATE SET quiz_id=EXCLUDED.quiz_id,type=EXCLUDED.type,prompt=EXCLUDED.prompt,options_json=EXCLUDED.options_json,answer_json=EXCLUDED.answer_json,explanation=EXCLUDED.explanation,display_order=EXCLUDED.display_order;
INSERT INTO public.questions (id,quiz_id,type,prompt,options_json,answer_json,explanation,display_order) VALUES ('fe4eba45-d7b5-5ec3-a919-16c019051628'::uuid,'9b1fa1c5-542c-57fa-bbb8-54820d971aa5'::uuid,'multiple_choice','מה המשמעות של Kata (形)?','["קרב חופשי", "תבנית תנועה מסורתית", "חימום ריצה", "פגיעה מלאה"]'::jsonb,'{"correct_index": 1}'::jsonb,'Kata היא תבנית תנועה מסורתית שמפתחת דיוק, קצב ויציבה.',1) ON CONFLICT (id) DO UPDATE SET quiz_id=EXCLUDED.quiz_id,type=EXCLUDED.type,prompt=EXCLUDED.prompt,options_json=EXCLUDED.options_json,answer_json=EXCLUDED.answer_json,explanation=EXCLUDED.explanation,display_order=EXCLUDED.display_order;
INSERT INTO public.questions (id,quiz_id,type,prompt,options_json,answer_json,explanation,display_order) VALUES ('ef8cde94-7981-5eda-a9e7-62bc436bc81e'::uuid,'9b1fa1c5-542c-57fa-bbb8-54820d971aa5'::uuid,'multiple_choice','מה המשמעות של Rei (礼) בדוג''ו?','["קידה/כבוד", "בעיטה קדמית", "אגרוף הפוך", "ספירה 1–10"]'::jsonb,'{"correct_index": 0}'::jsonb,'Rei = קידה/כבוד. מתחילים ומסיימים תרגול בכבוד.',2) ON CONFLICT (id) DO UPDATE SET quiz_id=EXCLUDED.quiz_id,type=EXCLUDED.type,prompt=EXCLUDED.prompt,options_json=EXCLUDED.options_json,answer_json=EXCLUDED.answer_json,explanation=EXCLUDED.explanation,display_order=EXCLUDED.display_order;
INSERT INTO public.questions (id,quiz_id,type,prompt,options_json,answer_json,explanation,display_order) VALUES ('478c4026-27cc-5d09-878a-a1cb0fee4e5c'::uuid,'9b1fa1c5-542c-57fa-bbb8-54820d971aa5'::uuid,'multiple_choice','מהי המשמעות של ''Kokutsu Shuto-uke''?','["טכניקת קיהון (יסודות)", "שם של קאטה", "סוג קומיטה", "מונח ציוד"]'::jsonb,'{"correct_index": 0}'::jsonb,'ברשימת הקיהון של הדרגה נמצאות טכניקות יסוד.',3) ON CONFLICT (id) DO UPDATE SET quiz_id=EXCLUDED.quiz_id,type=EXCLUDED.type,prompt=EXCLUDED.prompt,options_json=EXCLUDED.options_json,answer_json=EXCLUDED.answer_json,explanation=EXCLUDED.explanation,display_order=EXCLUDED.display_order;
INSERT INTO public.questions (id,quiz_id,type,prompt,options_json,answer_json,explanation,display_order) VALUES ('13694320-c62e-568e-90f9-8862bf6c35b1'::uuid,'9b1fa1c5-542c-57fa-bbb8-54820d971aa5'::uuid,'multiple_choice','איזו קאטה נדרשת (בדרך כלל) ל-6級?','["Heian Sandan", "Tekki Shodan", "Bassai Dai", "Kanku Dai"]'::jsonb,'{"correct_index": 0}'::jsonb,'בדרך כלל זו הקאטה הראשונה/המתאימה לדרגה לפי מסלול שוטוקאן.',4) ON CONFLICT (id) DO UPDATE SET quiz_id=EXCLUDED.quiz_id,type=EXCLUDED.type,prompt=EXCLUDED.prompt,options_json=EXCLUDED.options_json,answer_json=EXCLUDED.answer_json,explanation=EXCLUDED.explanation,display_order=EXCLUDED.display_order;
INSERT INTO public.questions (id,quiz_id,type,prompt,options_json,answer_json,explanation,display_order) VALUES ('138372b0-e384-509e-a5ff-62604d89c133'::uuid,'9b1fa1c5-542c-57fa-bbb8-54820d971aa5'::uuid,'multiple_choice','מה תפקיד ה-Kiai (気合) בעיקר?','["להעלות ניקוד בתחרות", "לרכך מכות", "למקד נשימה וכוונה", "להחליף חגורה"]'::jsonb,'{"correct_index": 2}'::jsonb,'Kiai עוזר לריכוז, נשימה והדגשת הטכניקה.',5) ON CONFLICT (id) DO UPDATE SET quiz_id=EXCLUDED.quiz_id,type=EXCLUDED.type,prompt=EXCLUDED.prompt,options_json=EXCLUDED.options_json,answer_json=EXCLUDED.answer_json,explanation=EXCLUDED.explanation,display_order=EXCLUDED.display_order;
INSERT INTO public.questions (id,quiz_id,type,prompt,options_json,answer_json,explanation,display_order) VALUES ('ae592711-348d-567b-91f9-27c96cf6d7dd'::uuid,'9b1fa1c5-542c-57fa-bbb8-54820d971aa5'::uuid,'multiple_choice','מה הכלל החשוב ביותר בקומיטה לשמירה על בטיחות?','["לנסות לנצח בכל מחיר", "לשמור שליטה בטכניקה ולעצור בזמן", "להכות חזק יותר מהיריב", "לא לזוז מהמקום"]'::jsonb,'{"correct_index": 1}'::jsonb,'שליטה מלאה ועצירה בזמן הן הבסיס לבטיחות.',6) ON CONFLICT (id) DO UPDATE SET quiz_id=EXCLUDED.quiz_id,type=EXCLUDED.type,prompt=EXCLUDED.prompt,options_json=EXCLUDED.options_json,answer_json=EXCLUDED.answer_json,explanation=EXCLUDED.explanation,display_order=EXCLUDED.display_order;
INSERT INTO public.questions (id,quiz_id,type,prompt,options_json,answer_json,explanation,display_order) VALUES ('f626fa8e-e7ff-5caa-be88-21128667a16a'::uuid,'68a72227-f8c1-5e75-ab18-65d8d1a39ab4'::uuid,'multiple_choice','מה המשמעות של Kata (形)?','["קרב חופשי", "תבנית תנועה מסורתית", "חימום ריצה", "פגיעה מלאה"]'::jsonb,'{"correct_index": 1}'::jsonb,'Kata היא תבנית תנועה מסורתית שמפתחת דיוק, קצב ויציבה.',1) ON CONFLICT (id) DO UPDATE SET quiz_id=EXCLUDED.quiz_id,type=EXCLUDED.type,prompt=EXCLUDED.prompt,options_json=EXCLUDED.options_json,answer_json=EXCLUDED.answer_json,explanation=EXCLUDED.explanation,display_order=EXCLUDED.display_order;
INSERT INTO public.questions (id,quiz_id,type,prompt,options_json,answer_json,explanation,display_order) VALUES ('17ce770f-bd9c-5cd8-bb3d-ebccbcd6ee31'::uuid,'68a72227-f8c1-5e75-ab18-65d8d1a39ab4'::uuid,'multiple_choice','מה המשמעות של Rei (礼) בדוג''ו?','["קידה/כבוד", "בעיטה קדמית", "אגרוף הפוך", "ספירה 1–10"]'::jsonb,'{"correct_index": 0}'::jsonb,'Rei = קידה/כבוד. מתחילים ומסיימים תרגול בכבוד.',2) ON CONFLICT (id) DO UPDATE SET quiz_id=EXCLUDED.quiz_id,type=EXCLUDED.type,prompt=EXCLUDED.prompt,options_json=EXCLUDED.options_json,answer_json=EXCLUDED.answer_json,explanation=EXCLUDED.explanation,display_order=EXCLUDED.display_order;
INSERT INTO public.questions (id,quiz_id,type,prompt,options_json,answer_json,explanation,display_order) VALUES ('a66acf64-e981-53a8-8710-fe5e403bb52d'::uuid,'68a72227-f8c1-5e75-ab18-65d8d1a39ab4'::uuid,'multiple_choice','מהי המשמעות של ''Mawashi-geri''?','["טכניקת קיהון (יסודות)", "שם של קאטה", "סוג קומיטה", "מונח ציוד"]'::jsonb,'{"correct_index": 0}'::jsonb,'ברשימת הקיהון של הדרגה נמצאות טכניקות יסוד.',3) ON CONFLICT (id) DO UPDATE SET quiz_id=EXCLUDED.quiz_id,type=EXCLUDED.type,prompt=EXCLUDED.prompt,options_json=EXCLUDED.options_json,answer_json=EXCLUDED.answer_json,explanation=EXCLUDED.explanation,display_order=EXCLUDED.display_order;
INSERT INTO public.questions (id,quiz_id,type,prompt,options_json,answer_json,explanation,display_order) VALUES ('6bcc5e2a-13e4-5b89-9b62-fc429f58e21e'::uuid,'68a72227-f8c1-5e75-ab18-65d8d1a39ab4'::uuid,'multiple_choice','איזו קאטה נדרשת (בדרך כלל) ל-5級?','["Heian Yondan", "Tekki Shodan", "Bassai Dai", "Kanku Dai"]'::jsonb,'{"correct_index": 0}'::jsonb,'בדרך כלל זו הקאטה הראשונה/המתאימה לדרגה לפי מסלול שוטוקאן.',4) ON CONFLICT (id) DO UPDATE SET quiz_id=EXCLUDED.quiz_id,type=EXCLUDED.type,prompt=EXCLUDED.prompt,options_json=EXCLUDED.options_json,answer_json=EXCLUDED.answer_json,explanation=EXCLUDED.explanation,display_order=EXCLUDED.display_order;
INSERT INTO public.questions (id,quiz_id,type,prompt,options_json,answer_json,explanation,display_order) VALUES ('6dadf2ca-6073-5df4-a056-8ae54003175f'::uuid,'68a72227-f8c1-5e75-ab18-65d8d1a39ab4'::uuid,'multiple_choice','מה תפקיד ה-Kiai (気合) בעיקר?','["להעלות ניקוד בתחרות", "לרכך מכות", "למקד נשימה וכוונה", "להחליף חגורה"]'::jsonb,'{"correct_index": 2}'::jsonb,'Kiai עוזר לריכוז, נשימה והדגשת הטכניקה.',5) ON CONFLICT (id) DO UPDATE SET quiz_id=EXCLUDED.quiz_id,type=EXCLUDED.type,prompt=EXCLUDED.prompt,options_json=EXCLUDED.options_json,answer_json=EXCLUDED.answer_json,explanation=EXCLUDED.explanation,display_order=EXCLUDED.display_order;
INSERT INTO public.questions (id,quiz_id,type,prompt,options_json,answer_json,explanation,display_order) VALUES ('f56c4eb9-ffff-5db8-b11a-7665920e5a81'::uuid,'68a72227-f8c1-5e75-ab18-65d8d1a39ab4'::uuid,'multiple_choice','מה הכלל החשוב ביותר בקומיטה לשמירה על בטיחות?','["לנסות לנצח בכל מחיר", "לשמור שליטה בטכניקה ולעצור בזמן", "להכות חזק יותר מהיריב", "לא לזוז מהמקום"]'::jsonb,'{"correct_index": 1}'::jsonb,'שליטה מלאה ועצירה בזמן הן הבסיס לבטיחות.',6) ON CONFLICT (id) DO UPDATE SET quiz_id=EXCLUDED.quiz_id,type=EXCLUDED.type,prompt=EXCLUDED.prompt,options_json=EXCLUDED.options_json,answer_json=EXCLUDED.answer_json,explanation=EXCLUDED.explanation,display_order=EXCLUDED.display_order;
INSERT INTO public.questions (id,quiz_id,type,prompt,options_json,answer_json,explanation,display_order) VALUES ('e485119f-4a5e-5fc9-9bc0-ee633b7d0987'::uuid,'0bc3c389-4efe-50e2-8cb5-51d68629ff6c'::uuid,'multiple_choice','מה המשמעות של Kata (形)?','["קרב חופשי", "תבנית תנועה מסורתית", "חימום ריצה", "פגיעה מלאה"]'::jsonb,'{"correct_index": 1}'::jsonb,'Kata היא תבנית תנועה מסורתית שמפתחת דיוק, קצב ויציבה.',1) ON CONFLICT (id) DO UPDATE SET quiz_id=EXCLUDED.quiz_id,type=EXCLUDED.type,prompt=EXCLUDED.prompt,options_json=EXCLUDED.options_json,answer_json=EXCLUDED.answer_json,explanation=EXCLUDED.explanation,display_order=EXCLUDED.display_order;
INSERT INTO public.questions (id,quiz_id,type,prompt,options_json,answer_json,explanation,display_order) VALUES ('c773aac7-43d6-5629-8c43-4b687e868cb1'::uuid,'0bc3c389-4efe-50e2-8cb5-51d68629ff6c'::uuid,'multiple_choice','מה המשמעות של Rei (礼) בדוג''ו?','["קידה/כבוד", "בעיטה קדמית", "אגרוף הפוך", "ספירה 1–10"]'::jsonb,'{"correct_index": 0}'::jsonb,'Rei = קידה/כבוד. מתחילים ומסיימים תרגול בכבוד.',2) ON CONFLICT (id) DO UPDATE SET quiz_id=EXCLUDED.quiz_id,type=EXCLUDED.type,prompt=EXCLUDED.prompt,options_json=EXCLUDED.options_json,answer_json=EXCLUDED.answer_json,explanation=EXCLUDED.explanation,display_order=EXCLUDED.display_order;
INSERT INTO public.questions (id,quiz_id,type,prompt,options_json,answer_json,explanation,display_order) VALUES ('796b9ac4-0fbd-5403-a47f-5f966a6e9993'::uuid,'0bc3c389-4efe-50e2-8cb5-51d68629ff6c'::uuid,'multiple_choice','מהי המשמעות של ''Kizami-zuki''?','["טכניקת קיהון (יסודות)", "שם של קאטה", "סוג קומיטה", "מונח ציוד"]'::jsonb,'{"correct_index": 0}'::jsonb,'ברשימת הקיהון של הדרגה נמצאות טכניקות יסוד.',3) ON CONFLICT (id) DO UPDATE SET quiz_id=EXCLUDED.quiz_id,type=EXCLUDED.type,prompt=EXCLUDED.prompt,options_json=EXCLUDED.options_json,answer_json=EXCLUDED.answer_json,explanation=EXCLUDED.explanation,display_order=EXCLUDED.display_order;
INSERT INTO public.questions (id,quiz_id,type,prompt,options_json,answer_json,explanation,display_order) VALUES ('fd5423d3-2ab7-5596-adb4-1c2e8f77f1ac'::uuid,'0bc3c389-4efe-50e2-8cb5-51d68629ff6c'::uuid,'multiple_choice','איזו קאטה נדרשת (בדרך כלל) ל-4級?','["Heian Godan", "Tekki Shodan", "Bassai Dai", "Kanku Dai"]'::jsonb,'{"correct_index": 0}'::jsonb,'בדרך כלל זו הקאטה הראשונה/המתאימה לדרגה לפי מסלול שוטוקאן.',4) ON CONFLICT (id) DO UPDATE SET quiz_id=EXCLUDED.quiz_id,type=EXCLUDED.type,prompt=EXCLUDED.prompt,options_json=EXCLUDED.options_json,answer_json=EXCLUDED.answer_json,explanation=EXCLUDED.explanation,display_order=EXCLUDED.display_order;
INSERT INTO public.questions (id,quiz_id,type,prompt,options_json,answer_json,explanation,display_order) VALUES ('8657e709-dcde-5860-a7cf-d8c914138b91'::uuid,'0bc3c389-4efe-50e2-8cb5-51d68629ff6c'::uuid,'multiple_choice','מה תפקיד ה-Kiai (気合) בעיקר?','["להעלות ניקוד בתחרות", "לרכך מכות", "למקד נשימה וכוונה", "להחליף חגורה"]'::jsonb,'{"correct_index": 2}'::jsonb,'Kiai עוזר לריכוז, נשימה והדגשת הטכניקה.',5) ON CONFLICT (id) DO UPDATE SET quiz_id=EXCLUDED.quiz_id,type=EXCLUDED.type,prompt=EXCLUDED.prompt,options_json=EXCLUDED.options_json,answer_json=EXCLUDED.answer_json,explanation=EXCLUDED.explanation,display_order=EXCLUDED.display_order;
INSERT INTO public.questions (id,quiz_id,type,prompt,options_json,answer_json,explanation,display_order) VALUES ('829f88d4-49eb-5bab-ba2b-756bf02371f8'::uuid,'0bc3c389-4efe-50e2-8cb5-51d68629ff6c'::uuid,'multiple_choice','מה הכלל החשוב ביותר בקומיטה לשמירה על בטיחות?','["לנסות לנצח בכל מחיר", "לשמור שליטה בטכניקה ולעצור בזמן", "להכות חזק יותר מהיריב", "לא לזוז מהמקום"]'::jsonb,'{"correct_index": 1}'::jsonb,'שליטה מלאה ועצירה בזמן הן הבסיס לבטיחות.',6) ON CONFLICT (id) DO UPDATE SET quiz_id=EXCLUDED.quiz_id,type=EXCLUDED.type,prompt=EXCLUDED.prompt,options_json=EXCLUDED.options_json,answer_json=EXCLUDED.answer_json,explanation=EXCLUDED.explanation,display_order=EXCLUDED.display_order;
INSERT INTO public.questions (id,quiz_id,type,prompt,options_json,answer_json,explanation,display_order) VALUES ('7102c741-4bcf-589f-b164-76139ba7b8c6'::uuid,'fcd4c22d-c747-51cd-bc41-69ba697fee7e'::uuid,'multiple_choice','מה המשמעות של Kata (形)?','["קרב חופשי", "תבנית תנועה מסורתית", "חימום ריצה", "פגיעה מלאה"]'::jsonb,'{"correct_index": 1}'::jsonb,'Kata היא תבנית תנועה מסורתית שמפתחת דיוק, קצב ויציבה.',1) ON CONFLICT (id) DO UPDATE SET quiz_id=EXCLUDED.quiz_id,type=EXCLUDED.type,prompt=EXCLUDED.prompt,options_json=EXCLUDED.options_json,answer_json=EXCLUDED.answer_json,explanation=EXCLUDED.explanation,display_order=EXCLUDED.display_order;
INSERT INTO public.questions (id,quiz_id,type,prompt,options_json,answer_json,explanation,display_order) VALUES ('95184b44-071d-5918-8bfb-5c04aef5cc9d'::uuid,'fcd4c22d-c747-51cd-bc41-69ba697fee7e'::uuid,'multiple_choice','מה המשמעות של Rei (礼) בדוג''ו?','["קידה/כבוד", "בעיטה קדמית", "אגרוף הפוך", "ספירה 1–10"]'::jsonb,'{"correct_index": 0}'::jsonb,'Rei = קידה/כבוד. מתחילים ומסיימים תרגול בכבוד.',2) ON CONFLICT (id) DO UPDATE SET quiz_id=EXCLUDED.quiz_id,type=EXCLUDED.type,prompt=EXCLUDED.prompt,options_json=EXCLUDED.options_json,answer_json=EXCLUDED.answer_json,explanation=EXCLUDED.explanation,display_order=EXCLUDED.display_order;
INSERT INTO public.questions (id,quiz_id,type,prompt,options_json,answer_json,explanation,display_order) VALUES ('328792ac-17a4-5684-8fb7-4a7e1a89efed'::uuid,'fcd4c22d-c747-51cd-bc41-69ba697fee7e'::uuid,'multiple_choice','מהי המשמעות של ''Nukite''?','["טכניקת קיהון (יסודות)", "שם של קאטה", "סוג קומיטה", "מונח ציוד"]'::jsonb,'{"correct_index": 0}'::jsonb,'ברשימת הקיהון של הדרגה נמצאות טכניקות יסוד.',3) ON CONFLICT (id) DO UPDATE SET quiz_id=EXCLUDED.quiz_id,type=EXCLUDED.type,prompt=EXCLUDED.prompt,options_json=EXCLUDED.options_json,answer_json=EXCLUDED.answer_json,explanation=EXCLUDED.explanation,display_order=EXCLUDED.display_order;
INSERT INTO public.questions (id,quiz_id,type,prompt,options_json,answer_json,explanation,display_order) VALUES ('406b38d0-960b-5f3c-8e3f-72d6234516b5'::uuid,'fcd4c22d-c747-51cd-bc41-69ba697fee7e'::uuid,'multiple_choice','איזו קאטה נדרשת (בדרך כלל) ל-3級?','["Tekki Shodan", "Tekki Shodan", "Bassai Dai", "Kanku Dai"]'::jsonb,'{"correct_index": 0}'::jsonb,'בדרך כלל זו הקאטה הראשונה/המתאימה לדרגה לפי מסלול שוטוקאן.',4) ON CONFLICT (id) DO UPDATE SET quiz_id=EXCLUDED.quiz_id,type=EXCLUDED.type,prompt=EXCLUDED.prompt,options_json=EXCLUDED.options_json,answer_json=EXCLUDED.answer_json,explanation=EXCLUDED.explanation,display_order=EXCLUDED.display_order;
INSERT INTO public.questions (id,quiz_id,type,prompt,options_json,answer_json,explanation,display_order) VALUES ('620a24d7-eefc-5dd0-9e34-337051f1ebc3'::uuid,'fcd4c22d-c747-51cd-bc41-69ba697fee7e'::uuid,'multiple_choice','מה תפקיד ה-Kiai (気合) בעיקר?','["להעלות ניקוד בתחרות", "לרכך מכות", "למקד נשימה וכוונה", "להחליף חגורה"]'::jsonb,'{"correct_index": 2}'::jsonb,'Kiai עוזר לריכוז, נשימה והדגשת הטכניקה.',5) ON CONFLICT (id) DO UPDATE SET quiz_id=EXCLUDED.quiz_id,type=EXCLUDED.type,prompt=EXCLUDED.prompt,options_json=EXCLUDED.options_json,answer_json=EXCLUDED.answer_json,explanation=EXCLUDED.explanation,display_order=EXCLUDED.display_order;
INSERT INTO public.questions (id,quiz_id,type,prompt,options_json,answer_json,explanation,display_order) VALUES ('608829ca-3cff-51cd-9ef2-22a0f475c1fd'::uuid,'fcd4c22d-c747-51cd-bc41-69ba697fee7e'::uuid,'multiple_choice','מה הכלל החשוב ביותר בקומיטה לשמירה על בטיחות?','["לנסות לנצח בכל מחיר", "לשמור שליטה בטכניקה ולעצור בזמן", "להכות חזק יותר מהיריב", "לא לזוז מהמקום"]'::jsonb,'{"correct_index": 1}'::jsonb,'שליטה מלאה ועצירה בזמן הן הבסיס לבטיחות.',6) ON CONFLICT (id) DO UPDATE SET quiz_id=EXCLUDED.quiz_id,type=EXCLUDED.type,prompt=EXCLUDED.prompt,options_json=EXCLUDED.options_json,answer_json=EXCLUDED.answer_json,explanation=EXCLUDED.explanation,display_order=EXCLUDED.display_order;
INSERT INTO public.questions (id,quiz_id,type,prompt,options_json,answer_json,explanation,display_order) VALUES ('4b2d9bed-d42f-597d-b573-4a0462196a97'::uuid,'33b9a973-0d12-573b-9608-a92d42f0be1d'::uuid,'multiple_choice','מה המשמעות של Kata (形)?','["קרב חופשי", "תבנית תנועה מסורתית", "חימום ריצה", "פגיעה מלאה"]'::jsonb,'{"correct_index": 1}'::jsonb,'Kata היא תבנית תנועה מסורתית שמפתחת דיוק, קצב ויציבה.',1) ON CONFLICT (id) DO UPDATE SET quiz_id=EXCLUDED.quiz_id,type=EXCLUDED.type,prompt=EXCLUDED.prompt,options_json=EXCLUDED.options_json,answer_json=EXCLUDED.answer_json,explanation=EXCLUDED.explanation,display_order=EXCLUDED.display_order;
INSERT INTO public.questions (id,quiz_id,type,prompt,options_json,answer_json,explanation,display_order) VALUES ('b5020e61-fe97-57f5-b2bb-13efe75756d0'::uuid,'33b9a973-0d12-573b-9608-a92d42f0be1d'::uuid,'multiple_choice','מה המשמעות של Rei (礼) בדוג''ו?','["קידה/כבוד", "בעיטה קדמית", "אגרוף הפוך", "ספירה 1–10"]'::jsonb,'{"correct_index": 0}'::jsonb,'Rei = קידה/כבוד. מתחילים ומסיימים תרגול בכבוד.',2) ON CONFLICT (id) DO UPDATE SET quiz_id=EXCLUDED.quiz_id,type=EXCLUDED.type,prompt=EXCLUDED.prompt,options_json=EXCLUDED.options_json,answer_json=EXCLUDED.answer_json,explanation=EXCLUDED.explanation,display_order=EXCLUDED.display_order;
INSERT INTO public.questions (id,quiz_id,type,prompt,options_json,answer_json,explanation,display_order) VALUES ('9ce3be03-5bad-5bf7-a969-f3230a33af8e'::uuid,'33b9a973-0d12-573b-9608-a92d42f0be1d'::uuid,'multiple_choice','מהי המשמעות של ''Sanbon Renzuki''?','["טכניקת קיהון (יסודות)", "שם של קאטה", "סוג קומיטה", "מונח ציוד"]'::jsonb,'{"correct_index": 0}'::jsonb,'ברשימת הקיהון של הדרגה נמצאות טכניקות יסוד.',3) ON CONFLICT (id) DO UPDATE SET quiz_id=EXCLUDED.quiz_id,type=EXCLUDED.type,prompt=EXCLUDED.prompt,options_json=EXCLUDED.options_json,answer_json=EXCLUDED.answer_json,explanation=EXCLUDED.explanation,display_order=EXCLUDED.display_order;
INSERT INTO public.questions (id,quiz_id,type,prompt,options_json,answer_json,explanation,display_order) VALUES ('8e0a647f-2b47-505f-8883-6f59c4e5940c'::uuid,'33b9a973-0d12-573b-9608-a92d42f0be1d'::uuid,'multiple_choice','איזו קאטה נדרשת (בדרך כלל) ל-2級?','["Bassai Dai", "Tekki Shodan", "Bassai Dai", "Kanku Dai"]'::jsonb,'{"correct_index": 0}'::jsonb,'בדרך כלל זו הקאטה הראשונה/המתאימה לדרגה לפי מסלול שוטוקאן.',4) ON CONFLICT (id) DO UPDATE SET quiz_id=EXCLUDED.quiz_id,type=EXCLUDED.type,prompt=EXCLUDED.prompt,options_json=EXCLUDED.options_json,answer_json=EXCLUDED.answer_json,explanation=EXCLUDED.explanation,display_order=EXCLUDED.display_order;
INSERT INTO public.questions (id,quiz_id,type,prompt,options_json,answer_json,explanation,display_order) VALUES ('63c2137b-fe8e-5d4f-bf23-40bd7c1b955a'::uuid,'33b9a973-0d12-573b-9608-a92d42f0be1d'::uuid,'multiple_choice','מה תפקיד ה-Kiai (気合) בעיקר?','["להעלות ניקוד בתחרות", "לרכך מכות", "למקד נשימה וכוונה", "להחליף חגורה"]'::jsonb,'{"correct_index": 2}'::jsonb,'Kiai עוזר לריכוז, נשימה והדגשת הטכניקה.',5) ON CONFLICT (id) DO UPDATE SET quiz_id=EXCLUDED.quiz_id,type=EXCLUDED.type,prompt=EXCLUDED.prompt,options_json=EXCLUDED.options_json,answer_json=EXCLUDED.answer_json,explanation=EXCLUDED.explanation,display_order=EXCLUDED.display_order;
INSERT INTO public.questions (id,quiz_id,type,prompt,options_json,answer_json,explanation,display_order) VALUES ('1f4c1f97-7c8f-5cc1-a354-e20a4d9e1820'::uuid,'33b9a973-0d12-573b-9608-a92d42f0be1d'::uuid,'multiple_choice','מה הכלל החשוב ביותר בקומיטה לשמירה על בטיחות?','["לנסות לנצח בכל מחיר", "לשמור שליטה בטכניקה ולעצור בזמן", "להכות חזק יותר מהיריב", "לא לזוז מהמקום"]'::jsonb,'{"correct_index": 1}'::jsonb,'שליטה מלאה ועצירה בזמן הן הבסיס לבטיחות.',6) ON CONFLICT (id) DO UPDATE SET quiz_id=EXCLUDED.quiz_id,type=EXCLUDED.type,prompt=EXCLUDED.prompt,options_json=EXCLUDED.options_json,answer_json=EXCLUDED.answer_json,explanation=EXCLUDED.explanation,display_order=EXCLUDED.display_order;
INSERT INTO public.questions (id,quiz_id,type,prompt,options_json,answer_json,explanation,display_order) VALUES ('6b8bdfaa-25e7-505d-bee4-73948104a3d3'::uuid,'183208d7-715f-558f-838e-598c84ec82d3'::uuid,'multiple_choice','מה המשמעות של Kata (形)?','["קרב חופשי", "תבנית תנועה מסורתית", "חימום ריצה", "פגיעה מלאה"]'::jsonb,'{"correct_index": 1}'::jsonb,'Kata היא תבנית תנועה מסורתית שמפתחת דיוק, קצב ויציבה.',1) ON CONFLICT (id) DO UPDATE SET quiz_id=EXCLUDED.quiz_id,type=EXCLUDED.type,prompt=EXCLUDED.prompt,options_json=EXCLUDED.options_json,answer_json=EXCLUDED.answer_json,explanation=EXCLUDED.explanation,display_order=EXCLUDED.display_order;
INSERT INTO public.questions (id,quiz_id,type,prompt,options_json,answer_json,explanation,display_order) VALUES ('3fed4a26-b6e7-5677-82a4-a1a577534042'::uuid,'183208d7-715f-558f-838e-598c84ec82d3'::uuid,'multiple_choice','מה המשמעות של Rei (礼) בדוג''ו?','["קידה/כבוד", "בעיטה קדמית", "אגרוף הפוך", "ספירה 1–10"]'::jsonb,'{"correct_index": 0}'::jsonb,'Rei = קידה/כבוד. מתחילים ומסיימים תרגול בכבוד.',2) ON CONFLICT (id) DO UPDATE SET quiz_id=EXCLUDED.quiz_id,type=EXCLUDED.type,prompt=EXCLUDED.prompt,options_json=EXCLUDED.options_json,answer_json=EXCLUDED.answer_json,explanation=EXCLUDED.explanation,display_order=EXCLUDED.display_order;
INSERT INTO public.questions (id,quiz_id,type,prompt,options_json,answer_json,explanation,display_order) VALUES ('ad60696c-c4bc-5cc1-9d35-ed95b52722ee'::uuid,'183208d7-715f-558f-838e-598c84ec82d3'::uuid,'multiple_choice','מהי המשמעות של ''Sanbon Renzuki''?','["טכניקת קיהון (יסודות)", "שם של קאטה", "סוג קומיטה", "מונח ציוד"]'::jsonb,'{"correct_index": 0}'::jsonb,'ברשימת הקיהון של הדרגה נמצאות טכניקות יסוד.',3) ON CONFLICT (id) DO UPDATE SET quiz_id=EXCLUDED.quiz_id,type=EXCLUDED.type,prompt=EXCLUDED.prompt,options_json=EXCLUDED.options_json,answer_json=EXCLUDED.answer_json,explanation=EXCLUDED.explanation,display_order=EXCLUDED.display_order;
INSERT INTO public.questions (id,quiz_id,type,prompt,options_json,answer_json,explanation,display_order) VALUES ('8a8de93a-93a6-5077-a851-21b15f057d60'::uuid,'183208d7-715f-558f-838e-598c84ec82d3'::uuid,'multiple_choice','איזו קאטה נדרשת (בדרך כלל) ל-1級?','["Kanku Dai", "Tekki Shodan", "Bassai Dai", "Kanku Dai"]'::jsonb,'{"correct_index": 0}'::jsonb,'בדרך כלל זו הקאטה הראשונה/המתאימה לדרגה לפי מסלול שוטוקאן.',4) ON CONFLICT (id) DO UPDATE SET quiz_id=EXCLUDED.quiz_id,type=EXCLUDED.type,prompt=EXCLUDED.prompt,options_json=EXCLUDED.options_json,answer_json=EXCLUDED.answer_json,explanation=EXCLUDED.explanation,display_order=EXCLUDED.display_order;
INSERT INTO public.questions (id,quiz_id,type,prompt,options_json,answer_json,explanation,display_order) VALUES ('1a40340b-8ad3-5833-85d3-1acc231cd637'::uuid,'183208d7-715f-558f-838e-598c84ec82d3'::uuid,'multiple_choice','מה תפקיד ה-Kiai (気合) בעיקר?','["להעלות ניקוד בתחרות", "לרכך מכות", "למקד נשימה וכוונה", "להחליף חגורה"]'::jsonb,'{"correct_index": 2}'::jsonb,'Kiai עוזר לריכוז, נשימה והדגשת הטכניקה.',5) ON CONFLICT (id) DO UPDATE SET quiz_id=EXCLUDED.quiz_id,type=EXCLUDED.type,prompt=EXCLUDED.prompt,options_json=EXCLUDED.options_json,answer_json=EXCLUDED.answer_json,explanation=EXCLUDED.explanation,display_order=EXCLUDED.display_order;
INSERT INTO public.questions (id,quiz_id,type,prompt,options_json,answer_json,explanation,display_order) VALUES ('2d7cda36-8c4a-5f54-a4ee-dbe883ed849d'::uuid,'183208d7-715f-558f-838e-598c84ec82d3'::uuid,'multiple_choice','מה הכלל החשוב ביותר בקומיטה לשמירה על בטיחות?','["לנסות לנצח בכל מחיר", "לשמור שליטה בטכניקה ולעצור בזמן", "להכות חזק יותר מהיריב", "לא לזוז מהמקום"]'::jsonb,'{"correct_index": 1}'::jsonb,'שליטה מלאה ועצירה בזמן הן הבסיס לבטיחות.',6) ON CONFLICT (id) DO UPDATE SET quiz_id=EXCLUDED.quiz_id,type=EXCLUDED.type,prompt=EXCLUDED.prompt,options_json=EXCLUDED.options_json,answer_json=EXCLUDED.answer_json,explanation=EXCLUDED.explanation,display_order=EXCLUDED.display_order;
INSERT INTO public.questions (id,quiz_id,type,prompt,options_json,answer_json,explanation,display_order) VALUES ('30da09fc-7960-5a6c-9139-d14ddcf300ce'::uuid,'4ec20ac5-38d4-5d4b-a8d4-212d9d3b8da4'::uuid,'multiple_choice','מה המשמעות של Kata (形)?','["קרב חופשי", "תבנית תנועה מסורתית", "חימום ריצה", "פגיעה מלאה"]'::jsonb,'{"correct_index": 1}'::jsonb,'Kata היא תבנית תנועה מסורתית שמפתחת דיוק, קצב ויציבה.',1) ON CONFLICT (id) DO UPDATE SET quiz_id=EXCLUDED.quiz_id,type=EXCLUDED.type,prompt=EXCLUDED.prompt,options_json=EXCLUDED.options_json,answer_json=EXCLUDED.answer_json,explanation=EXCLUDED.explanation,display_order=EXCLUDED.display_order;
INSERT INTO public.questions (id,quiz_id,type,prompt,options_json,answer_json,explanation,display_order) VALUES ('64635cee-5a67-5be5-a7b0-6f6ce8c5a5bf'::uuid,'4ec20ac5-38d4-5d4b-a8d4-212d9d3b8da4'::uuid,'multiple_choice','מה המשמעות של Rei (礼) בדוג''ו?','["קידה/כבוד", "בעיטה קדמית", "אגרוף הפוך", "ספירה 1–10"]'::jsonb,'{"correct_index": 0}'::jsonb,'Rei = קידה/כבוד. מתחילים ומסיימים תרגול בכבוד.',2) ON CONFLICT (id) DO UPDATE SET quiz_id=EXCLUDED.quiz_id,type=EXCLUDED.type,prompt=EXCLUDED.prompt,options_json=EXCLUDED.options_json,answer_json=EXCLUDED.answer_json,explanation=EXCLUDED.explanation,display_order=EXCLUDED.display_order;
INSERT INTO public.questions (id,quiz_id,type,prompt,options_json,answer_json,explanation,display_order) VALUES ('36263fa7-372b-5f48-be48-6c7bc7fbb239'::uuid,'4ec20ac5-38d4-5d4b-a8d4-212d9d3b8da4'::uuid,'multiple_choice','לשודאן במסלול JKA, אילו קאטות נמצאות ברשימת האפשרויות?','["Heian Shodan / Heian Nidan", "Bassai Dai / Kanku Dai / Enpi או Jion", "רק Tekki Shodan", "אין קאטה"]'::jsonb,'{"correct_index": 1}'::jsonb,'לשודאן יש רשימת קאטות מתקדמות לבחירה/הצגה.',3) ON CONFLICT (id) DO UPDATE SET quiz_id=EXCLUDED.quiz_id,type=EXCLUDED.type,prompt=EXCLUDED.prompt,options_json=EXCLUDED.options_json,answer_json=EXCLUDED.answer_json,explanation=EXCLUDED.explanation,display_order=EXCLUDED.display_order;
INSERT INTO public.questions (id,quiz_id,type,prompt,options_json,answer_json,explanation,display_order) VALUES ('6116d77a-4cda-5b5f-92af-de9aa9f51273'::uuid,'4ec20ac5-38d4-5d4b-a8d4-212d9d3b8da4'::uuid,'multiple_choice','כמה סוגי התקפה מוגדרים במסגרת Jiyu Ippon Kumite לשודאן?','["3", "5", "7", "10"]'::jsonb,'{"correct_index": 1}'::jsonb,'לפי קווים מנחים נפוצים במסגרת JKA לשודאן יש 5 התקפות.',4) ON CONFLICT (id) DO UPDATE SET quiz_id=EXCLUDED.quiz_id,type=EXCLUDED.type,prompt=EXCLUDED.prompt,options_json=EXCLUDED.options_json,answer_json=EXCLUDED.answer_json,explanation=EXCLUDED.explanation,display_order=EXCLUDED.display_order;
INSERT INTO public.questions (id,quiz_id,type,prompt,options_json,answer_json,explanation,display_order) VALUES ('17537979-5fe3-5b73-be1c-fb0d07257a00'::uuid,'4ec20ac5-38d4-5d4b-a8d4-212d9d3b8da4'::uuid,'multiple_choice','מה תפקיד ה-Kiai (気合) בעיקר?','["להעלות ניקוד בתחרות", "לרכך מכות", "למקד נשימה וכוונה", "להחליף חגורה"]'::jsonb,'{"correct_index": 2}'::jsonb,'Kiai עוזר לריכוז, נשימה והדגשת הטכניקה.',5) ON CONFLICT (id) DO UPDATE SET quiz_id=EXCLUDED.quiz_id,type=EXCLUDED.type,prompt=EXCLUDED.prompt,options_json=EXCLUDED.options_json,answer_json=EXCLUDED.answer_json,explanation=EXCLUDED.explanation,display_order=EXCLUDED.display_order;
INSERT INTO public.questions (id,quiz_id,type,prompt,options_json,answer_json,explanation,display_order) VALUES ('3362bb81-765b-5f99-8a8e-4cf6e1ee4159'::uuid,'4ec20ac5-38d4-5d4b-a8d4-212d9d3b8da4'::uuid,'multiple_choice','מה הכלל החשוב ביותר בקומיטה לשמירה על בטיחות?','["לנסות לנצח בכל מחיר", "לשמור שליטה בטכניקה ולעצור בזמן", "להכות חזק יותר מהיריב", "לא לזוז מהמקום"]'::jsonb,'{"correct_index": 1}'::jsonb,'שליטה מלאה ועצירה בזמן הן הבסיס לבטיחות.',6) ON CONFLICT (id) DO UPDATE SET quiz_id=EXCLUDED.quiz_id,type=EXCLUDED.type,prompt=EXCLUDED.prompt,options_json=EXCLUDED.options_json,answer_json=EXCLUDED.answer_json,explanation=EXCLUDED.explanation,display_order=EXCLUDED.display_order;

